SET FOREIGN_KEY_CHECKS = 0;


-- fabricate-flush

DELETE FROM `order_items`;

-- fabricate-flush

DELETE FROM `products`;

-- fabricate-flush

DELETE FROM `payments`;

-- fabricate-flush

DELETE FROM `payment_methods`;

-- fabricate-flush

DELETE FROM `orders`;

-- fabricate-flush

DELETE FROM `customers`;

-- fabricate-flush


INSERT INTO `customers` (`customer_id`, `first_name`, `last_name`, `email`, `phone`, `address`, `state`, `city`, `country`, `postal_code`, `created_at`, `updated_at`, `last_signed_in_at`) VALUES
(1, 'Gregg', 'Botting', 'gregg.botting@yahoo.com', '(404) 912-8627', '5239 Fry Terrace', 'Georgia', 'Atlanta', 'United States', '31196', '2024-06-09 15:44:13', '2024-06-15 11:37:32', '2024-06-17 19:51:23'),
(2, 'Merridie', 'Elliss', 'merridie.elliss@hotmail.com', '(267) 017-1271', '10781 Antilles Court', 'Pennsylvania', 'Philadelphia', 'United States', '19109', '2024-06-09 15:49:57', '2024-06-19 15:22:41', '2024-06-15 15:28:22'),
(3, 'Tadd', 'Goede', 'tadd.goede@yahoo.com', '(312) 331-0114', '14980 Culvert Court', 'Illinois', 'Chicago', 'United States', '60669', '2024-06-09 15:56:19', '2024-06-17 15:27:14', '2024-06-13 21:23:13'),
(4, 'Lucias', 'Aindriu', 'lucias.aindriu@hotmail.com', '(661) 907-5388', '2374 Glen Ridge Court', 'California', 'Bakersfield', 'United States', '93386', '2024-06-09 16:05:30', '2024-06-10 04:36:08', '2024-06-10 18:48:42'),
(5, 'Rosemaria', 'Ludewig', 'rosemaria.ludewig@hotmail.com', '(619) 812-4034', '12942 Jason Drive', 'California', 'San Diego', 'United States', '92153', '2024-06-09 16:10:06', '2024-06-18 22:56:18', '2024-06-16 13:44:03'),
(6, 'Ramon', 'Lowseley', 'ramon.lowseley@yahoo.com', '(701) 208-1813', '13703 Mary Loop', 'North Dakota', 'Fargo', 'United States', '58106', '2024-06-09 16:15:03', '2024-06-12 20:34:50', '2024-06-18 19:28:46'),
(7, 'Fae', 'Peinton', 'fae.peinton@gmail.com', '(616) 147-1728', '534 Tall Trees Lane', 'Michigan', 'Grand Rapids', 'United States', '49518', '2024-06-09 16:16:14', '2024-06-15 21:41:34', '2024-06-10 02:21:23'),
(8, 'Shell', 'Langlois', 'shell.langlois@hotmail.com', '(210) 228-5909', '5668 Waterloo Way', 'Texas', 'San Antonio', 'United States', '78296', '2024-06-09 16:23:51', '2024-06-16 01:56:32', '2024-06-09 21:29:13'),
(9, 'Reg', 'Wyd', 'reg.wyd@aol.com', '(512) 125-2053', '1909 Maybank Loop', 'Texas', 'Austin', 'United States', '78721', '2024-06-09 16:24:57', '2024-06-12 13:50:29', '2024-06-17 07:08:40'),
(10, 'Sandye', 'Duckitt', 'sandye.duckitt@gmail.com', '(415) 493-4457', '268 Jenks Court', 'California', 'San Francisco', 'United States', '94116', '2024-06-09 16:32:59', '2024-06-12 00:02:16', '2024-06-10 23:36:25'),
(11, 'Mariele', 'Havik', 'mariele.havik@tiscali.it', '(318) 927-0751', '3489 Arcadia Lakes Drive', 'Louisiana', 'Shreveport', 'United States', '71166', '2024-06-09 16:41:34', '2024-06-13 23:03:43', '2024-06-19 01:16:22'),
(12, 'Constancia', 'Guppy', 'constancia.guppy@hotmail.com', '(314) 661-0108', '8409 Eastover Terrace', 'Missouri', 'Saint Louis', 'United States', '63180', '2024-06-09 16:45:58', '2024-06-13 06:57:42', '2024-06-18 05:24:06'),
(13, 'Petronille', 'Tessyman', 'petronille.tessyman@yahoo.com', '(646) 456-0107', '1992 Craven Way', 'New York', 'New York City', 'United States', '10009', '2024-06-09 16:49:02', '2024-06-16 03:38:59', '2024-06-16 22:50:45'),
(14, 'Konstantin', 'Ianne', 'konstantin.ianne@yahoo.fr', '(775) 540-3215', '172 Bartelson Terrace', 'Nevada', 'Reno', 'United States', '89519', '2024-06-09 16:51:26', '2024-06-10 02:13:15', '2024-06-11 02:41:38'),
(15, 'Sutherland', 'McGrowther', 'sutherland.mcgrowther@yahoo.com', '(405) 603-5473', '4981 Townsend Terrace', 'Oklahoma', 'Oklahoma City', 'United States', '73147', '2024-06-09 16:59:58', '2024-06-15 18:48:45', '2024-06-18 20:45:22'),
(16, 'Caz', 'Rosenfeld', 'caz.rosenfeld@yahoo.in', '(210) 162-9960', '5524 Melrose Court', 'Texas', 'San Antonio', 'United States', '78240', '2024-06-09 17:03:10', '2024-06-10 16:19:03', '2024-06-18 18:37:38'),
(17, 'Janice', 'Rudderham', 'janice.rudderham@yahoo.com.au', '(325) 469-8055', '10087 Port Royal Court', 'Texas', 'Abilene', 'United States', '79605', '2024-06-09 17:04:22', '2024-06-10 12:45:20', '2024-06-14 05:13:25'),
(18, 'Tull', 'Jost', 'tull.jost@yahoo.com', '(502) 027-3560', '5187 Feustel Avenue', 'Kentucky', 'Louisville', 'United States', '40256', '2024-06-09 17:07:41', '2024-06-14 00:37:11', '2024-06-17 00:54:19'),
(19, 'Mariana', 'Bellchamber', 'mariana.bellchamber@hotmail.com', '(864) 133-5379', '8084 Viewpoint Terrace', 'South Carolina', 'Greenville', 'United States', '29610', '2024-06-09 17:13:14', '2024-06-11 07:39:30', '2024-06-13 18:14:44'),
(20, 'Adan', 'Hilley', 'adan.hilley@gmx.de', '(602) 265-6017', '13632 Randall Road', 'Arizona', 'Phoenix', 'United States', '85083', '2024-06-09 17:19:23', '2024-06-14 02:45:23', '2024-06-17 15:44:52'),
(21, 'Aggie', 'Sultana', 'aggie.sultana@yahoo.com', '(479) 838-8105', '6967 Rivera Road', 'Arkansas', 'Fort Smith', 'United States', '72916', '2024-06-09 17:23:24', '2024-06-16 01:47:02', '2024-06-11 05:34:57'),
(22, 'Ive', 'Simko', 'ive.simko@bellsouth.net', '(615) 936-2317', '1766 Diane Street', 'Tennessee', 'Nashville', 'United States', '37205', '2024-06-09 17:27:42', '2024-06-09 22:33:29', '2024-06-14 01:01:20'),
(23, 'Barbe', 'Casarili', 'barbe.casarili@wanadoo.fr', '(309) 110-6266', '6052 Hoyt Road', 'Illinois', 'Bloomington', 'United States', '61709', '2024-06-09 17:35:09', '2024-06-17 03:55:40', '2024-06-16 18:24:45'),
(24, 'Chandra', 'Prestland', 'chandra.prestland@yahoo.com', '(916) 816-8263', '12196 Loree Way', 'California', 'Sacramento', 'United States', '95833', '2024-06-09 17:43:21', '2024-06-09 21:31:40', '2024-06-11 08:43:48'),
(25, 'Gaston', 'Churchman', 'gaston.churchman@hotmail.com', '(713) 528-8233', '8913 Tatman Terrace', 'Texas', 'Houston', 'United States', '77080', '2024-06-09 17:44:56', '2024-06-18 07:57:21', '2024-06-15 02:39:20'),
(26, 'Pepito', 'Elleton', 'pepito.elleton@yahoo.com', '(571) 774-7821', '12135 Countrywind Court', 'Virginia', 'Dulles', 'United States', '20189', '2024-06-09 17:49:19', '2024-06-11 11:48:04', '2024-06-11 06:43:23'),
(27, 'Tabbi', 'Arnau', 'tabbi.arnau@yahoo.com', '(516) 400-3068', '12874 Livingston Loop', 'New York', 'Jamaica', 'United States', '11407', '2024-06-09 17:52:04', '2024-06-11 03:46:03', '2024-06-17 08:16:55'),
(28, 'Rancell', 'Birckmann', 'rancell.birckmann@yahoo.fr', '(318) 787-8869', '615 Culpepper Way', 'Louisiana', 'Shreveport', 'United States', '71137', '2024-06-09 18:01:59', '2024-06-17 16:56:11', '2024-06-17 18:43:03'),
(29, 'Vergil', 'Sparks', 'vergil.sparks@gmail.com', '(248) 093-0780', '2720 Glen Hollow Way', 'Michigan', 'Troy', 'United States', '48098', '2024-06-09 18:06:02', '2024-06-11 21:42:11', '2024-06-18 23:39:44'),
(30, 'Florian', 'Ponter', 'florian.ponter@hotmail.com', '(202) 773-9818', '3133 Adriana Way', 'District of Columbia', 'Washington', 'United States', '20580', '2024-06-09 18:09:40', '2024-06-14 04:54:49', '2024-06-16 01:27:22'),
(31, 'Gino', 'Liepins', 'gino.liepins@hotmail.com', '(240) 183-7455', '13149 Bamboo Avenue', 'Maryland', 'Gaithersburg', 'United States', '20883', '2024-06-09 18:10:54', '2024-06-13 22:11:23', '2024-06-14 23:26:55'),
(32, 'Tomlin', 'Stoke', 'tomlin.stoke@yahoo.com', '(304) 995-2230', '12206 Roseapple Avenue', 'West Virginia', 'Charleston', 'United States', '25331', '2024-06-09 18:20:05', '2024-06-14 07:56:14', '2024-06-10 14:32:18'),
(33, 'Meredithe', 'Traves', 'meredithe.traves@yahoo.com', '(913) 886-8665', '4563 Oliver Lane', 'Kansas', 'Shawnee Mission', 'United States', '66205', '2024-06-09 18:27:11', '2024-06-12 02:08:53', '2024-06-19 03:53:06'),
(34, 'Roseline', 'Landall', 'roseline.landall@gmail.com', '(304) 671-8197', '2594 Wilsea Place', 'West Virginia', 'Huntington', 'United States', '25705', '2024-06-09 18:36:15', '2024-06-14 08:31:41', '2024-06-13 05:40:41'),
(35, 'Eliot', 'Haquin', 'eliot.haquin@yahoo.com', '(251) 191-7511', '2213 Fudge Terrace', 'Alabama', 'Mobile', 'United States', '36641', '2024-06-09 18:37:49', '2024-06-12 19:14:19', '2024-06-13 02:01:00'),
(36, 'Sandie', 'Mulhall', 'sandie.mulhall@yahoo.com', '(573) 679-1333', '14282 Fieldbrook Way', 'Missouri', 'Jefferson City', 'United States', '65110', '2024-06-09 18:47:39', '2024-06-13 13:55:21', '2024-06-15 00:29:13'),
(37, 'Collete', 'Torrijos', 'collete.torrijos@yahoo.com', '(361) 810-6484', '8513 Park Glen Court', 'Texas', 'Corpus Christi', 'United States', '78470', '2024-06-09 18:53:55', '2024-06-19 15:13:31', '2024-06-10 17:59:46'),
(38, 'Galina', 'Maleby', 'galina.maleby@gmail.com', '(360) 773-6980', '5765 Gulley Lane', 'Washington', 'Kent', 'United States', '98042', '2024-06-09 18:56:55', '2024-06-15 05:25:25', '2024-06-16 07:07:19'),
(39, 'Charla', 'Tumulty', 'charla.tumulty@hotmail.com', '(315) 318-7506', '8865 Nutwood Avenue', 'New York', 'Rochester', 'United States', '14614', '2024-06-09 19:00:50', '2024-06-13 06:44:16', '2024-06-17 15:10:40'),
(40, 'Rowe', 'MacCarter', 'rowe.maccarter@hotmail.fr', '(915) 106-4151', '3433 Broad Street', 'Texas', 'El Paso', 'United States', '79923', '2024-06-09 19:05:21', '2024-06-10 14:52:44', '2024-06-13 04:30:50'),
(41, 'Lorne', 'Lean', 'lorne.lean@gmail.com', '(614) 551-4235', '8964 Charo Lane', 'Ohio', 'Columbus', 'United States', '43215', '2024-06-09 19:07:49', '2024-06-17 20:23:58', '2024-06-17 17:32:29'),
(42, 'Brennen', 'Oakes', 'brennen.oakes@orange.fr', '(304) 992-4214', '8892 San Juan Drive', 'West Virginia', 'Charleston', 'United States', '25305', '2024-06-09 19:12:40', '2024-06-14 16:51:54', '2024-06-15 13:42:31'),
(43, 'Celka', 'Fowls', 'celka.fowls@orange.fr', '(626) 416-0619', '11054 Jeremy Circle', 'California', 'Pasadena', 'United States', '91131', '2024-06-09 19:22:33', '2024-06-11 17:36:08', '2024-06-13 21:04:13'),
(44, 'Alena', 'Irvin', 'alena.irvin@gmail.com', '(502) 445-0577', '1997 Niblick Court', 'Kentucky', 'Louisville', 'United States', '40287', '2024-06-09 19:31:50', '2024-06-13 20:19:48', '2024-06-19 07:42:52'),
(45, 'Bard', 'Gosney', 'bard.gosney@yahoo.com', '(850) 164-6424', '3081 Ethanwood Avenue', 'Florida', 'Panama City', 'United States', '32412', '2024-06-09 19:33:50', '2024-06-14 11:07:16', '2024-06-12 06:57:47'),
(46, 'Maddie', 'Wines', 'maddie.wines@gmail.com', '(202) 755-3696', '1882 Nichols Terrace', 'District of Columbia', 'Washington', 'United States', '20310', '2024-06-09 19:41:40', '2024-06-11 12:21:25', '2024-06-11 07:06:01'),
(47, 'Steffane', 'MacGorrie', 'steffane.macgorrie@comcast.net', '(405) 483-9325', '7046 Alvarado Place', 'Oklahoma', 'Oklahoma City', 'United States', '73142', '2024-06-09 19:48:48', '2024-06-10 05:20:42', '2024-06-10 21:06:02'),
(48, 'Mano', 'Scheffler', 'mano.scheffler@gmail.com', '(314) 258-8012', '13339 Gordon Path', 'Missouri', 'Saint Louis', 'United States', '63150', '2024-06-09 19:56:14', '2024-06-10 18:05:27', '2024-06-13 23:08:42'),
(49, 'Marsiella', 'Dimitrescu', 'marsiella.dimitrescu@rediffmail.com', '(405) 695-0714', '8934 Idle Court', 'Oklahoma', 'Edmond', 'United States', '73034', '2024-06-09 20:01:11', '2024-06-16 17:54:33', '2024-06-17 00:03:29'),
(50, 'Hanna', 'Chapelle', 'hanna.chapelle@hotmail.co.uk', '(602) 463-3698', '13915 Leslie Lane', 'Arizona', 'Mesa', 'United States', '85210', '2024-06-09 20:06:43', '2024-06-16 17:12:38', '2024-06-14 18:05:58'),
(51, 'Lesya', 'Nystrom', 'lesya.nystrom@yandex.ru', '(402) 183-7774', '167 Fieldbrook Way', 'Nebraska', 'Lincoln', 'United States', '68517', '2024-06-09 20:12:29', '2024-06-10 07:44:09', '2024-06-14 15:41:26'),
(52, 'Brooke', 'Spatarul', 'brooke.spatarul@hotmail.com', '(619) 780-4292', '6687 Lake Creek Circle', 'California', 'San Diego', 'United States', '92115', '2024-06-09 20:15:25', '2024-06-10 18:26:35', '2024-06-14 03:13:10'),
(53, 'Marga', 'Klausewitz', 'marga.klausewitz@yahoo.fr', '(502) 777-9652', '7407 Aloha Way', 'Kentucky', 'Louisville', 'United States', '40220', '2024-06-09 20:18:09', '2024-06-14 12:49:25', '2024-06-15 03:08:48'),
(54, 'Lilla', 'Murrow', 'lilla.murrow@web.de', '(858) 736-7614', '588 Zick Court', 'California', 'San Diego', 'United States', '92110', '2024-06-09 20:24:23', '2024-06-15 09:08:43', '2024-06-14 23:12:48'),
(55, 'Desiri', 'Jansens', 'desiri.jansens@hotmail.com', '(713) 506-6619', '5910 Ibises Court', 'Texas', 'Houston', 'United States', '77212', '2024-06-09 20:32:46', '2024-06-19 19:31:53', '2024-06-17 00:26:14'),
(56, 'Jobyna', 'Winsborrow', 'jobyna.winsborrow@yahoo.co.in', '(502) 196-9938', '1128 Vandenberg Court', 'Kentucky', 'Louisville', 'United States', '40205', '2024-06-09 20:38:43', '2024-06-10 06:58:12', '2024-06-17 01:29:41'),
(57, 'Karena', 'Guymer', 'karena.guymer@aol.com', '(859) 298-6054', '13924 Linton Lane', 'Kentucky', 'Lexington', 'United States', '40505', '2024-06-09 20:41:27', '2024-06-15 06:26:20', '2024-06-15 16:09:32'),
(58, 'Brande', 'Perl', 'brande.perl@yahoo.com', '(901) 115-7309', '4293 Furman Loop', 'Tennessee', 'Memphis', 'United States', '38104', '2024-06-09 20:49:54', '2024-06-11 00:47:47', '2024-06-10 15:10:28'),
(59, 'Abe', 'Verrico', 'abe.verrico@yahoo.com', '(202) 229-9172', '3787 Sadie Avenue', 'District of Columbia', 'Washington', 'United States', '20470', '2024-06-09 20:52:14', '2024-06-13 00:55:58', '2024-06-13 22:13:11'),
(60, 'Osbourne', 'Kitching', 'osbourne.kitching@yahoo.com', '(301) 110-5524', '163 Vista Place', 'Maryland', 'Hyattsville', 'United States', '20784', '2024-06-09 20:56:09', '2024-06-10 02:58:10', '2024-06-14 23:39:10'),
(61, 'Celina', 'Sebrook', 'celina.sebrook@qq.com', '(415) 669-4268', '9927 Jolene Place', 'California', 'San Rafael', 'United States', '94913', '2024-06-09 20:59:50', '2024-06-14 11:52:13', '2024-06-15 07:48:31'),
(62, 'Anne', 'Simmings', 'anne.simmings@yahoo.com', '(512) 185-5217', '12426 Yemassee Loop', 'Texas', 'Austin', 'United States', '78749', '2024-06-09 21:03:57', '2024-06-13 03:10:01', '2024-06-18 18:36:21'),
(63, 'Torrence', 'Le Fevre', 'torrence.lefevre@aol.com', '(772) 185-6168', '3400 Megan Circle', 'Florida', 'Vero Beach', 'United States', '32964', '2024-06-09 21:11:51', '2024-06-16 22:21:43', '2024-06-12 17:31:00'),
(64, 'Jerrilee', 'Macveigh', 'jerrilee.macveigh@yahoo.com', '(661) 212-6260', '2124 Del Toro Drive', 'California', 'Bakersfield', 'United States', '93399', '2024-06-09 21:13:25', '2024-06-12 14:18:01', '2024-06-11 11:08:57'),
(65, 'Giselbert', 'Brunnstein', 'giselbert.brunnstein@googlemail.com', '(843) 446-4905', '7845 Bluebird Lane', 'South Carolina', 'Charleston', 'United States', '29403', '2024-06-09 21:21:16', '2024-06-14 23:21:41', '2024-06-19 20:23:35'),
(66, 'Dick', 'Alpin', 'dick.alpin@gmail.com', '(312) 387-6176', '161 Katherine Place', 'Illinois', 'Chicago', 'United States', '60674', '2024-06-09 21:27:27', '2024-06-15 01:49:48', '2024-06-16 10:57:22'),
(67, 'Misha', 'Besemer', 'misha.besemer@gmail.com', '(480) 444-6973', '6853 Trabucco Terrace', 'Arizona', 'Mesa', 'United States', '85205', '2024-06-09 21:31:25', '2024-06-17 02:28:24', '2024-06-13 20:01:10'),
(68, 'Fiona', 'Etridge', 'fiona.etridge@gmail.com', '(202) 972-0440', '2139 Mincey Loop', 'District of Columbia', 'Washington', 'United States', '20508', '2024-06-09 21:35:41', '2024-06-11 10:36:58', '2024-06-13 15:48:59'),
(69, 'Leisha', 'Harradence', 'leisha.harradence@msn.com', '(520) 807-6416', '1088 Reynolds Road', 'Arizona', 'Tucson', 'United States', '85743', '2024-06-09 21:40:10', '2024-06-09 23:32:55', '2024-06-18 14:55:56'),
(70, 'Cathy', 'Scotti', 'cathy.scotti@live.fr', '(602) 460-5038', '5953 Windham Way', 'Arizona', 'Phoenix', 'United States', '85005', '2024-06-09 21:46:02', '2024-06-18 14:13:40', '2024-06-10 20:12:36'),
(71, 'Billy', 'Townsley', 'billy.townsley@yahoo.com', '(907) 340-0058', '4824 Rio Grande Avenue', 'Alaska', 'Anchorage', 'United States', '99512', '2024-06-09 21:47:53', '2024-06-11 19:44:57', '2024-06-13 02:30:28'),
(72, 'Selene', 'Cotesford', 'selene.cotesford@yahoo.com', '(803) 107-0873', '8113 Nicole Terrace', 'South Carolina', 'Columbia', 'United States', '29208', '2024-06-09 21:54:47', '2024-06-13 22:44:32', '2024-06-15 18:06:22'),
(73, 'Gerrie', 'Goford', 'gerrie.goford@yahoo.ca', '(716) 669-6015', '13499 Rockingham Road', 'New York', 'Buffalo', 'United States', '14220', '2024-06-09 22:03:53', '2024-06-18 18:45:47', '2024-06-14 12:22:15'),
(74, 'Jolie', 'Lillow', 'jolie.lillow@gmail.com', '(504) 334-3696', '10416 Kaley Court', 'Louisiana', 'Metairie', 'United States', '70005', '2024-06-09 22:05:55', '2024-06-11 22:13:29', '2024-06-18 10:15:35'),
(75, 'Renault', 'Quernel', 'renault.quernel@gmail.com', '(386) 652-0558', '3471 Tall Trees Lane', 'Florida', 'Daytona Beach', 'United States', '32123', '2024-06-09 22:10:18', '2024-06-12 01:28:04', '2024-06-11 05:10:49'),
(76, 'Rianon', 'Giovanizio', 'rianon.giovanizio@gmail.com', '(562) 877-2419', '8211 Estill Avenue', 'California', 'Long Beach', 'United States', '90847', '2024-06-09 22:12:54', '2024-06-12 21:57:34', '2024-06-10 22:38:56'),
(77, 'Shurlocke', 'Shobrook', 'shurlocke.shobrook@yahoo.co.uk', '(407) 303-6333', '9066 Kelmscott Street', 'Florida', 'Orlando', 'United States', '32885', '2024-06-09 22:17:32', '2024-06-17 18:57:55', '2024-06-18 13:28:15'),
(78, 'Albert', 'Huard', 'albert.huard@yahoo.com', '(202) 241-9488', '9226 Grady Terrace', 'District of Columbia', 'Washington', 'United States', '20557', '2024-06-09 22:26:35', '2024-06-18 07:16:33', '2024-06-18 02:13:11'),
(79, 'Guinna', 'Hockell', 'guinna.hockell@yahoo.it', '(916) 910-5368', '3342 Adamsville Avenue', 'California', 'Sacramento', 'United States', '95865', '2024-06-09 22:27:52', '2024-06-11 06:21:14', '2024-06-18 00:51:01'),
(80, 'Pryce', 'Handyside', 'pryce.handyside@hotmail.com', '(716) 804-6009', '14942 Anders Avenue', 'New York', 'Buffalo', 'United States', '14225', '2024-06-09 22:34:37', '2024-06-12 11:46:51', '2024-06-16 22:13:23'),
(81, 'Ellsworth', 'McCafferky', 'ellsworth.mccafferky@hotmail.fr', '(716) 627-1975', '2440 Mistwood Lane', 'New York', 'Buffalo', 'United States', '14233', '2024-06-09 22:39:59', '2024-06-19 00:58:23', '2024-06-12 20:13:41'),
(82, 'Huntley', 'Durnill', 'huntley.durnill@yandex.ru', '(636) 836-6435', '11046 Roseapple Avenue', 'Missouri', 'Saint Louis', 'United States', '63126', '2024-06-09 22:44:12', '2024-06-18 01:48:38', '2024-06-15 13:20:09'),
(83, 'Kelsey', 'Zoren', 'kelsey.zoren@ymail.com', '(404) 505-3934', '4556 Netherclift Terrace', 'Georgia', 'Atlanta', 'United States', '30336', '2024-06-09 22:46:01', '2024-06-18 10:11:53', '2024-06-14 23:53:00'),
(84, 'Elmore', 'Lafuente', 'elmore.lafuente@wanadoo.fr', '(214) 855-4163', '12084 View Path', 'Texas', 'Dallas', 'United States', '75397', '2024-06-09 22:49:54', '2024-06-19 06:00:11', '2024-06-15 18:49:56'),
(85, 'Abrahan', 'McCallum', 'abrahan.mccallum@aol.com', '(734) 504-6384', '7055 Lawthorn Street', 'Michigan', 'Detroit', 'United States', '48211', '2024-06-09 22:57:34', '2024-06-16 02:45:41', '2024-06-16 05:50:44'),
(86, 'Carly', 'Nesbitt', 'carly.nesbitt@gmail.com', '(805) 149-7017', '4902 Carmen Rene Way', 'California', 'Simi Valley', 'United States', '93094', '2024-06-09 23:05:01', '2024-06-10 11:00:36', '2024-06-12 01:34:37'),
(87, 'Gabriellia', 'Holburn', 'gabriellia.holburn@yahoo.com', '(917) 148-6075', '9812 Adamsville Avenue', 'New York', 'New York City', 'United States', '10024', '2024-06-09 23:09:41', '2024-06-15 09:28:17', '2024-06-16 19:22:53'),
(88, 'Richmond', 'Cranney', 'richmond.cranney@neuf.fr', '(913) 320-6387', '5745 Alandari Lane', 'Kansas', 'Shawnee Mission', 'United States', '66276', '2024-06-09 23:19:06', '2024-06-12 12:13:21', '2024-06-13 02:29:55'),
(89, 'Vachel', 'Scarrott', 'vachel.scarrott@yahoo.com', '(808) 337-2000', '5342 Lester Drive', 'Hawaii', 'Honolulu', 'United States', '96820', '2024-06-09 23:23:13', '2024-06-11 15:23:08', '2024-06-13 15:36:28'),
(90, 'Coreen', 'Lomax', 'coreen.lomax@hotmail.com', '(916) 814-8280', '411 Zadora Lane', 'California', 'Sacramento', 'United States', '94250', '2024-06-09 23:28:23', '2024-06-18 07:09:45', '2024-06-15 19:17:01'),
(91, 'Janette', 'Spring', 'janette.spring@yahoo.it', '(212) 667-7695', '14090 Iveywood Street', 'New York', 'New York City', 'United States', '10079', '2024-06-09 23:35:25', '2024-06-16 14:01:09', '2024-06-17 15:45:37'),
(92, 'Othilia', 'Mayou', 'othilia.mayou@yahoo.com', '(616) 075-0301', '14847 Candlewick Court', 'Michigan', 'Grand Rapids', 'United States', '49505', '2024-06-09 23:39:38', '2024-06-12 20:29:28', '2024-06-11 16:30:25'),
(93, 'Sukey', 'Bazek', 'sukey.bazek@web.de', '(360) 635-6436', '11556 Demoss Court', 'Washington', 'Vancouver', 'United States', '98664', '2024-06-09 23:47:41', '2024-06-18 08:49:52', '2024-06-11 19:44:35'),
(94, 'Nichole', 'Henworth', 'nichole.henworth@hotmail.com', '(404) 162-0023', '8971 Porter Place', 'Georgia', 'Decatur', 'United States', '30033', '2024-06-09 23:54:39', '2024-06-18 18:22:26', '2024-06-12 08:11:31'),
(95, 'Imojean', 'Crambie', 'imojean.crambie@hotmail.com', '(915) 793-5470', '11947 Saybrook Way', 'Texas', 'El Paso', 'United States', '79968', '2024-06-10 00:02:02', '2024-06-17 08:35:04', '2024-06-16 17:06:24'),
(96, 'Dario', 'Batie', 'dario.batie@orange.fr', '(480) 472-3077', '1453 Imperial Lane', 'Arizona', 'Phoenix', 'United States', '85040', '2024-06-10 00:09:02', '2024-06-11 10:22:24', '2024-06-15 16:38:04'),
(97, 'Marita', 'Sauvan', 'marita.sauvan@yahoo.com', '(804) 013-9012', '8070 Ybor Lane', 'Virginia', 'Hampton', 'United States', '23663', '2024-06-10 00:18:50', '2024-06-17 08:49:41', '2024-06-10 04:05:22'),
(98, 'Valle', 'Paddie', 'valle.paddie@gmail.com', '(318) 599-1051', '2009 Alva Terrace', 'Louisiana', 'Shreveport', 'United States', '71130', '2024-06-10 00:24:48', '2024-06-10 05:16:21', '2024-06-16 22:37:21'),
(99, 'Christi', 'Millar', 'christi.millar@yahoo.com', '(215) 805-7740', '11343 Hiles Place', 'Pennsylvania', 'Philadelphia', 'United States', '19160', '2024-06-10 00:25:59', '2024-06-12 19:34:30', '2024-06-19 03:53:57'),
(100, 'Myrlene', 'Teece', 'myrlene.teece@hotmail.com', '(602) 777-0206', '1612 Gadsden Place', 'Arizona', 'Phoenix', 'United States', '85077', '2024-06-10 00:29:24', '2024-06-15 22:39:32', '2024-06-18 11:20:56');


-- fabricate-flush


INSERT INTO `order_items` (`order_item_id`, `order_id`, `product_id`, `quantity`, `unit_price`, `created_at`, `updated_at`) VALUES
(1, '84', '74', '81', '39.99', '2024-06-09 15:44:13', '2024-06-10 05:13:52'),
(2, '70', '6', '32', '19.99', '2024-06-09 15:45:41', '2024-06-18 05:09:00'),
(3, '59', '78', '47', '18.99', '2024-06-09 15:49:25', '2024-06-09 16:39:56'),
(4, '89', '14', '17', '89.99', '2024-06-09 15:58:52', '2024-06-17 23:19:11'),
(5, '99', '77', '19', '2.99', '2024-06-09 16:06:38', '2024-06-13 14:25:06'),
(6, '10', '51', '68', '2.99', '2024-06-09 16:10:02', '2024-06-10 18:17:56'),
(7, '12', '1', '28', '49.99', '2024-06-09 16:13:33', '2024-06-18 10:46:23'),
(8, '98', '89', '92', '89.99', '2024-06-09 16:20:39', '2024-06-12 00:42:50'),
(9, '100', '99', '86', '14.99', '2024-06-09 16:30:35', '2024-06-12 10:21:14'),
(10, '81', '53', '95', '4.49', '2024-06-09 16:39:50', '2024-06-10 02:59:58'),
(11, '80', '55', '5', '39.99', '2024-06-09 16:46:32', '2024-06-14 04:47:20'),
(12, '19', '12', '70', '29.99', '2024-06-09 16:54:11', '2024-06-15 09:39:59'),
(13, '85', '3', '36', '29.99', '2024-06-09 16:59:32', '2024-06-13 05:38:56'),
(14, '25', '37', '76', '39.99', '2024-06-09 17:01:33', '2024-06-17 19:10:29'),
(15, '14', '41', '14', '1.5', '2024-06-09 17:10:44', '2024-06-16 11:54:00'),
(16, '73', '80', '63', '5.49', '2024-06-09 17:19:45', '2024-06-18 23:26:32'),
(17, '17', '2', '58', '2.49', '2024-06-09 17:27:00', '2024-06-14 22:47:04'),
(18, '63', '25', '68', '18.99', '2024-06-09 17:35:55', '2024-06-15 09:54:58'),
(19, '46', '73', '29', '4.99', '2024-06-09 17:40:36', '2024-06-14 22:25:56'),
(20, '66', '32', '83', '49.99', '2024-06-09 17:47:25', '2024-06-15 10:12:38'),
(21, '47', '93', '80', '2.99', '2024-06-09 17:53:21', '2024-06-16 05:46:55'),
(22, '34', '38', '96', '3.29', '2024-06-09 17:59:38', '2024-06-10 16:48:55'),
(23, '31', '56', '67', '24.99', '2024-06-09 18:08:01', '2024-06-09 18:39:39'),
(24, '93', '63', '28', '39.99', '2024-06-09 18:09:46', '2024-06-13 10:19:20'),
(25, '21', '31', '30', '1.99', '2024-06-09 18:12:30', '2024-06-19 17:28:19'),
(26, '52', '52', '6', '3.59', '2024-06-09 18:18:39', '2024-06-11 15:21:40'),
(27, '90', '59', '91', '24.99', '2024-06-09 18:26:43', '2024-06-13 10:24:24'),
(28, '87', '81', '55', '29.99', '2024-06-09 18:34:30', '2024-06-14 04:53:52'),
(29, '74', '50', '64', '8.99', '2024-06-09 18:36:38', '2024-06-15 02:55:16'),
(30, '58', '57', '94', '14.99', '2024-06-09 18:44:26', '2024-06-14 20:29:22'),
(31, '83', '13', '68', '5.99', '2024-06-09 18:51:56', '2024-06-18 07:15:35'),
(32, '77', '20', '62', '3.49', '2024-06-09 18:58:39', '2024-06-12 00:26:44'),
(33, '94', '39', '21', '12.99', '2024-06-09 19:05:58', '2024-06-11 17:46:18'),
(34, '88', '43', '10', '12.99', '2024-06-09 19:14:35', '2024-06-16 07:53:29'),
(35, '43', '26', '85', '4.99', '2024-06-09 19:20:07', '2024-06-09 19:49:39'),
(36, '48', '98', '12', '3.89', '2024-06-09 19:26:59', '2024-06-13 21:19:46'),
(37, '60', '48', '85', '24.99', '2024-06-09 19:36:34', '2024-06-13 02:07:52'),
(38, '50', '90', '95', '29.99', '2024-06-09 19:39:03', '2024-06-10 05:29:29'),
(39, '75', '100', '56', '24.99', '2024-06-09 19:44:16', '2024-06-15 09:06:42'),
(40, '78', '84', '3', '19.99', '2024-06-09 19:49:27', '2024-06-17 08:59:14'),
(41, '92', '24', '3', '4.79', '2024-06-09 19:51:02', '2024-06-12 23:51:12'),
(42, '11', '33', '49', '14.99', '2024-06-09 19:55:33', '2024-06-13 20:08:00'),
(43, '76', '71', '14', '2.29', '2024-06-09 20:01:14', '2024-06-17 23:15:48'),
(44, '20', '28', '69', '58.99', '2024-06-09 20:08:51', '2024-06-15 04:20:32'),
(45, '97', '75', '71', '15.99', '2024-06-09 20:16:53', '2024-06-11 15:41:22'),
(46, '61', '11', '37', '5.49', '2024-06-09 20:24:06', '2024-06-15 02:31:03'),
(47, '40', '23', '41', '249.99', '2024-06-09 20:25:08', '2024-06-13 14:17:05'),
(48, '33', '68', '28', '15.99', '2024-06-09 20:32:02', '2024-06-15 02:21:58'),
(49, '2', '79', '18', '39.99', '2024-06-09 20:38:47', '2024-06-14 15:25:53'),
(50, '72', '88', '92', '12.99', '2024-06-09 20:43:31', '2024-06-15 12:55:36'),
(51, '5', '17', '5', '6.99', '2024-06-09 20:52:50', '2024-06-14 02:06:10'),
(52, '27', '19', '22', '299.99', '2024-06-09 20:55:01', '2024-06-13 14:55:44'),
(53, '79', '92', '49', '2.49', '2024-06-09 20:57:44', '2024-06-12 12:26:57'),
(54, '56', '35', '66', '19.99', '2024-06-09 21:02:58', '2024-06-18 12:48:48'),
(55, '13', '83', '38', '89.99', '2024-06-09 21:04:09', '2024-06-14 14:20:45'),
(56, '30', '22', '81', '24.99', '2024-06-09 21:06:47', '2024-06-12 17:48:56'),
(57, '6', '96', '73', '1.99', '2024-06-09 21:13:24', '2024-06-16 15:23:22'),
(58, '68', '40', '2', '3.59', '2024-06-09 21:17:20', '2024-06-16 03:17:00'),
(59, '18', '67', '96', '3.99', '2024-06-09 21:25:33', '2024-06-10 10:09:21'),
(60, '71', '61', '80', '6.49', '2024-06-09 21:34:13', '2024-06-10 10:01:20'),
(61, '4', '91', '17', '39.99', '2024-06-09 21:39:34', '2024-06-19 08:00:32'),
(62, '53', '85', '50', '27.99', '2024-06-09 21:48:53', '2024-06-17 18:51:51'),
(63, '57', '94', '17', '29.99', '2024-06-09 21:57:47', '2024-06-19 01:39:15'),
(64, '7', '69', '93', '2.99', '2024-06-09 22:05:43', '2024-06-10 16:12:16'),
(65, '23', '97', '48', '3.29', '2024-06-09 22:09:59', '2024-06-16 12:30:56'),
(66, '42', '47', '18', '4.99', '2024-06-09 22:13:49', '2024-06-10 14:16:37'),
(67, '35', '21', '28', '29.99', '2024-06-09 22:21:23', '2024-06-10 10:59:51'),
(68, '39', '62', '50', '24.99', '2024-06-09 22:27:11', '2024-06-18 23:08:09'),
(69, '49', '44', '32', '3.99', '2024-06-09 22:37:07', '2024-06-13 20:06:01'),
(70, '96', '82', '24', '129.99', '2024-06-09 22:45:34', '2024-06-19 20:27:43'),
(71, '54', '58', '14', '2.49', '2024-06-09 22:54:21', '2024-06-16 06:52:22'),
(72, '55', '5', '44', '69.99', '2024-06-09 22:57:47', '2024-06-10 10:49:29'),
(73, '1', '76', '98', '99.99', '2024-06-09 23:06:39', '2024-06-13 04:56:52'),
(74, '26', '10', '24', '15.99', '2024-06-09 23:09:29', '2024-06-19 09:17:09'),
(75, '65', '36', '68', '3.59', '2024-06-09 23:18:23', '2024-06-18 23:22:35'),
(76, '82', '42', '58', '249.99', '2024-06-09 23:27:28', '2024-06-12 20:02:11'),
(77, '67', '7', '33', '79.99', '2024-06-09 23:29:43', '2024-06-18 08:07:07'),
(78, '16', '18', '85', '2.49', '2024-06-09 23:38:45', '2024-06-11 10:40:58'),
(79, '8', '86', '50', '4.99', '2024-06-09 23:46:40', '2024-06-10 06:00:37'),
(80, '24', '72', '28', '19.99', '2024-06-09 23:50:15', '2024-06-12 14:54:45'),
(81, '69', '16', '49', '4.19', '2024-06-09 23:55:46', '2024-06-17 15:45:47'),
(82, '36', '54', '62', '15.99', '2024-06-09 23:59:12', '2024-06-16 00:27:07'),
(83, '28', '66', '47', '3.49', '2024-06-10 00:08:47', '2024-06-12 16:55:12'),
(84, '38', '8', '37', '79.99', '2024-06-10 00:14:36', '2024-06-19 08:02:11'),
(85, '37', '95', '78', '54.99', '2024-06-10 00:18:42', '2024-06-16 04:31:51'),
(86, '9', '87', '65', '2.99', '2024-06-10 00:24:48', '2024-06-11 18:47:26'),
(87, '29', '29', '56', '29.99', '2024-06-10 00:31:35', '2024-06-17 02:12:29'),
(88, '41', '64', '31', '3.99', '2024-06-10 00:39:18', '2024-06-11 07:08:30'),
(89, '64', '65', '8', '24.99', '2024-06-10 00:45:16', '2024-06-13 06:35:47'),
(90, '22', '4', '38', '24.99', '2024-06-10 00:50:36', '2024-06-17 20:11:59'),
(91, '86', '46', '70', '2.49', '2024-06-10 00:58:07', '2024-06-14 18:20:49'),
(92, '62', '49', '69', '19.99', '2024-06-10 00:59:19', '2024-06-13 15:03:07'),
(93, '91', '27', '7', '29.99', '2024-06-10 01:01:14', '2024-06-11 15:33:05'),
(94, '95', '34', '97', '12.99', '2024-06-10 01:04:34', '2024-06-12 08:22:42'),
(95, '3', '60', '45', '2.29', '2024-06-10 01:06:42', '2024-06-11 22:36:44'),
(96, '32', '9', '85', '29.99', '2024-06-10 01:14:13', '2024-06-10 12:02:07'),
(97, '15', '15', '54', '7.49', '2024-06-10 01:20:46', '2024-06-18 23:29:42'),
(98, '45', '30', '69', '4.19', '2024-06-10 01:26:09', '2024-06-16 14:27:40'),
(99, '51', '70', '66', '9.99', '2024-06-10 01:30:58', '2024-06-19 21:09:24'),
(100, '44', '45', '74', '7.99', '2024-06-10 01:39:57', '2024-06-11 00:10:22');


-- fabricate-flush


INSERT INTO `orders` (`order_id`, `customer_id`, `status`, `created_at`, `updated_at`) VALUES
(1, '30', 'pending', '2024-06-09 15:44:13', '2024-06-16 23:54:08'),
(2, '12', 'delivered', '2024-06-09 15:47:06', '2024-06-16 06:15:22'),
(3, '94', 'processing', '2024-06-09 15:53:05', '2024-06-12 04:20:19'),
(4, '20', 'cancelled', '2024-06-09 16:02:49', '2024-06-12 22:43:49'),
(5, '45', 'shipped', '2024-06-09 16:10:04', '2024-06-18 15:06:43'),
(6, '62', 'failed', '2024-06-09 16:16:56', '2024-06-11 02:17:31'),
(7, '13', 'returned', '2024-06-09 16:20:51', '2024-06-18 13:18:51'),
(8, '34', 'pending', '2024-06-09 16:23:30', '2024-06-09 16:43:03'),
(9, '2', 'delivered', '2024-06-09 16:30:56', '2024-06-18 06:44:45'),
(10, '74', 'processing', '2024-06-09 16:38:05', '2024-06-19 01:41:36'),
(11, '77', 'failed', '2024-06-09 16:47:14', '2024-06-16 00:56:16'),
(12, '88', 'cancelled', '2024-06-09 16:50:08', '2024-06-16 00:03:01'),
(13, '44', 'shipped', '2024-06-09 16:53:09', '2024-06-12 23:59:38'),
(14, '31', 'returned', '2024-06-09 16:57:24', '2024-06-13 22:02:17'),
(15, '82', 'returned', '2024-06-09 17:00:58', '2024-06-16 20:38:18'),
(16, '21', 'cancelled', '2024-06-09 17:07:11', '2024-06-16 08:23:48'),
(17, '71', 'delivered', '2024-06-09 17:10:29', '2024-06-16 07:03:20'),
(18, '56', 'failed', '2024-06-09 17:19:16', '2024-06-18 16:25:04'),
(19, '92', 'pending', '2024-06-09 17:28:29', '2024-06-10 02:51:45'),
(20, '5', 'shipped', '2024-06-09 17:33:01', '2024-06-16 03:46:44'),
(21, '11', 'processing', '2024-06-09 17:38:40', '2024-06-15 06:41:33'),
(22, '41', 'processing', '2024-06-09 17:43:39', '2024-06-15 15:15:58'),
(23, '49', 'returned', '2024-06-09 17:45:31', '2024-06-14 16:59:02'),
(24, '76', 'cancelled', '2024-06-09 17:51:41', '2024-06-19 17:25:52'),
(25, '69', 'delivered', '2024-06-09 18:01:14', '2024-06-11 10:13:10'),
(26, '80', 'shipped', '2024-06-09 18:09:01', '2024-06-12 14:24:09'),
(27, '93', 'failed', '2024-06-09 18:12:06', '2024-06-09 23:09:01'),
(28, '60', 'pending', '2024-06-09 18:14:18', '2024-06-18 12:27:28'),
(29, '52', 'pending', '2024-06-09 18:20:28', '2024-06-10 10:29:31'),
(30, '75', 'processing', '2024-06-09 18:24:26', '2024-06-17 06:16:31'),
(31, '97', 'cancelled', '2024-06-09 18:33:18', '2024-06-12 06:50:10'),
(32, '70', 'delivered', '2024-06-09 18:42:58', '2024-06-12 15:07:47'),
(33, '25', 'shipped', '2024-06-09 18:44:02', '2024-06-11 19:34:25'),
(34, '72', 'failed', '2024-06-09 18:45:40', '2024-06-17 04:41:44'),
(35, '14', 'returned', '2024-06-09 18:54:16', '2024-06-15 09:00:52'),
(36, '64', 'delivered', '2024-06-09 19:00:19', '2024-06-12 00:59:49'),
(37, '42', 'failed', '2024-06-09 19:05:30', '2024-06-19 10:16:42'),
(38, '68', 'cancelled', '2024-06-09 19:12:41', '2024-06-15 11:00:13'),
(39, '46', 'pending', '2024-06-09 19:16:37', '2024-06-18 18:46:52'),
(40, '66', 'shipped', '2024-06-09 19:22:58', '2024-06-10 04:17:30'),
(41, '35', 'processing', '2024-06-09 19:30:16', '2024-06-17 11:46:36'),
(42, '26', 'returned', '2024-06-09 19:38:51', '2024-06-15 06:45:00'),
(43, '90', 'pending', '2024-06-09 19:39:59', '2024-06-19 08:07:27'),
(44, '29', 'processing', '2024-06-09 19:43:29', '2024-06-18 19:58:14'),
(45, '16', 'returned', '2024-06-09 19:52:11', '2024-06-18 06:14:12'),
(46, '54', 'cancelled', '2024-06-09 20:01:50', '2024-06-19 04:16:14'),
(47, '27', 'delivered', '2024-06-09 20:03:10', '2024-06-14 00:59:47'),
(48, '67', 'shipped', '2024-06-09 20:05:34', '2024-06-18 13:17:01'),
(49, '96', 'failed', '2024-06-09 20:12:20', '2024-06-11 15:47:29'),
(50, '24', 'pending', '2024-06-09 20:20:58', '2024-06-10 10:54:37'),
(51, '4', 'delivered', '2024-06-09 20:28:01', '2024-06-12 12:57:43'),
(52, '47', 'processing', '2024-06-09 20:36:09', '2024-06-11 21:20:27'),
(53, '78', 'cancelled', '2024-06-09 20:43:01', '2024-06-18 16:54:56'),
(54, '1', 'shipped', '2024-06-09 20:52:55', '2024-06-18 10:23:38'),
(55, '33', 'failed', '2024-06-09 20:56:48', '2024-06-16 19:42:01'),
(56, '55', 'returned', '2024-06-09 20:59:42', '2024-06-10 09:05:23'),
(57, '3', 'delivered', '2024-06-09 21:06:21', '2024-06-18 12:39:21'),
(58, '32', 'processing', '2024-06-09 21:15:47', '2024-06-12 04:23:57'),
(59, '53', 'cancelled', '2024-06-09 21:24:24', '2024-06-19 15:14:29'),
(60, '36', 'shipped', '2024-06-09 21:26:46', '2024-06-11 03:20:16'),
(61, '40', 'failed', '2024-06-09 21:29:14', '2024-06-14 20:32:47'),
(62, '9', 'returned', '2024-06-09 21:35:27', '2024-06-17 04:31:26'),
(63, '6', 'pending', '2024-06-09 21:41:53', '2024-06-18 10:45:36'),
(64, '63', 'pending', '2024-06-09 21:46:25', '2024-06-14 21:19:03'),
(65, '84', 'processing', '2024-06-09 21:53:04', '2024-06-13 09:28:32'),
(66, '83', 'returned', '2024-06-09 21:54:07', '2024-06-17 01:36:08'),
(67, '81', 'cancelled', '2024-06-09 22:00:15', '2024-06-11 04:37:08'),
(68, '86', 'delivered', '2024-06-09 22:01:56', '2024-06-11 13:13:06'),
(69, '18', 'shipped', '2024-06-09 22:04:24', '2024-06-10 05:46:35'),
(70, '57', 'failed', '2024-06-09 22:10:51', '2024-06-15 00:21:47'),
(71, '91', 'pending', '2024-06-09 22:12:09', '2024-06-19 15:15:34'),
(72, '87', 'delivered', '2024-06-09 22:21:02', '2024-06-18 18:14:28'),
(73, '89', 'processing', '2024-06-09 22:24:12', '2024-06-10 00:31:37'),
(74, '23', 'cancelled', '2024-06-09 22:25:28', '2024-06-11 07:23:06'),
(75, '100', 'shipped', '2024-06-09 22:29:11', '2024-06-17 22:50:34'),
(76, '10', 'failed', '2024-06-09 22:37:29', '2024-06-10 04:04:36'),
(77, '37', 'returned', '2024-06-09 22:43:19', '2024-06-12 21:45:50'),
(78, '50', 'cancelled', '2024-06-09 22:53:17', '2024-06-16 23:01:44'),
(79, '65', 'pending', '2024-06-09 22:55:25', '2024-06-11 03:31:50'),
(80, '19', 'shipped', '2024-06-09 22:56:38', '2024-06-15 22:03:51'),
(81, '51', 'processing', '2024-06-09 22:59:47', '2024-06-12 07:36:28'),
(82, '15', 'returned', '2024-06-09 23:03:07', '2024-06-13 17:26:02'),
(83, '98', 'delivered', '2024-06-09 23:05:10', '2024-06-16 05:25:51'),
(84, '99', 'failed', '2024-06-09 23:12:27', '2024-06-14 09:32:51'),
(85, '58', 'delivered', '2024-06-09 23:17:34', '2024-06-11 12:24:29'),
(86, '7', 'failed', '2024-06-09 23:27:00', '2024-06-15 12:12:01'),
(87, '85', 'cancelled', '2024-06-09 23:30:22', '2024-06-19 20:17:29'),
(88, '17', 'pending', '2024-06-09 23:34:29', '2024-06-16 16:02:34'),
(89, '8', 'shipped', '2024-06-09 23:37:02', '2024-06-12 17:42:25'),
(90, '39', 'processing', '2024-06-09 23:39:12', '2024-06-19 03:24:22'),
(91, '28', 'returned', '2024-06-09 23:41:21', '2024-06-13 20:17:37'),
(92, '95', 'delivered', '2024-06-09 23:42:35', '2024-06-10 17:00:06'),
(93, '59', 'failed', '2024-06-09 23:51:47', '2024-06-17 07:47:36'),
(94, '48', 'cancelled', '2024-06-09 23:55:04', '2024-06-17 21:30:34'),
(95, '38', 'pending', '2024-06-09 23:56:55', '2024-06-18 19:07:09'),
(96, '73', 'shipped', '2024-06-09 23:58:23', '2024-06-15 06:23:17'),
(97, '22', 'processing', '2024-06-10 00:07:45', '2024-06-16 14:28:12'),
(98, '79', 'returned', '2024-06-10 00:17:10', '2024-06-11 04:09:18'),
(99, '61', 'shipped', '2024-06-10 00:26:08', '2024-06-18 03:14:17'),
(100, '43', 'returned', '2024-06-10 00:29:26', '2024-06-19 08:18:22');


-- fabricate-flush


INSERT INTO `payment_methods` (`payment_method_id`, `customer_id`, `card_type`, `card_number`, `expiry_date`, `billing_address`, `created_at`, `updated_at`) VALUES
(1, '62', 'Discover', '601874623099114586', '2024-06-19', '5239 Fry Terrace, Atlanta, Georgia, United States, 31196', '2024-06-09 15:44:13', '2024-06-15 18:21:29'),
(2, '41', 'American Express', '378983268942951', '2024-12-18', '10781 Antilles Court, Philadelphia, Pennsylvania, United States, 19109', '2024-06-09 15:51:42', '2024-06-12 19:07:44'),
(3, '8', 'American Express', '374249281437633', '2025-04-13', '14980 Culvert Court, Chicago, Illinois, United States, 60669', '2024-06-09 15:59:54', '2024-06-15 07:43:06'),
(4, '90', 'American Express', '348901837583815', '2024-08-22', '2374 Glen Ridge Court, Bakersfield, California, United States, 93386', '2024-06-09 16:02:44', '2024-06-13 14:37:16'),
(5, '24', 'American Express', '378358443601860', '2025-02-13', '12942 Jason Drive, San Diego, California, United States, 92153', '2024-06-09 16:10:16', '2024-06-16 09:06:32'),
(6, '4', 'MasterCard', '5251852527416563', '2024-08-11', '13703 Mary Loop, Fargo, North Dakota, United States, 58106', '2024-06-09 16:15:13', '2024-06-15 20:56:50'),
(7, '27', 'Discover', '606951032112311622', '2025-03-04', '534 Tall Trees Lane, Grand Rapids, Michigan, United States, 49518', '2024-06-09 16:17:11', '2024-06-17 10:18:56'),
(8, '19', 'American Express', '371947830255904', '2025-04-14', '5668 Waterloo Way, San Antonio, Texas, United States, 78296', '2024-06-09 16:25:57', '2024-06-13 10:34:02'),
(9, '96', 'Visa', '4612201266363', '2024-11-14', '1909 Maybank Loop, Austin, Texas, United States, 78721', '2024-06-09 16:30:03', '2024-06-13 19:29:57'),
(10, '56', 'Discover', '613120005299192579', '2024-09-16', '268 Jenks Court, San Francisco, California, United States, 94116', '2024-06-09 16:38:59', '2024-06-15 17:54:53'),
(11, '37', 'Discover', '612241759408808758', '2024-07-12', '3489 Arcadia Lakes Drive, Shreveport, Louisiana, United States, 71166', '2024-06-09 16:43:50', '2024-06-16 15:37:53'),
(12, '46', 'American Express', '345400649123877', '2024-10-26', '8409 Eastover Terrace, Saint Louis, Missouri, United States, 63180', '2024-06-09 16:49:25', '2024-06-16 04:13:40'),
(13, '47', 'Visa', '4155242045162', '2024-08-04', '1992 Craven Way, New York City, New York, United States, 10009', '2024-06-09 16:50:37', '2024-06-19 03:12:00'),
(14, '53', 'American Express', '376917461659610', '2024-12-26', '172 Bartelson Terrace, Reno, Nevada, United States, 89519', '2024-06-09 16:51:44', '2024-06-19 00:38:17'),
(15, '55', 'MasterCard', '5366946594215163', '2025-04-25', '4981 Townsend Terrace, Oklahoma City, Oklahoma, United States, 73147', '2024-06-09 17:00:08', '2024-06-12 12:17:12'),
(16, '70', 'Discover', '617004257218295478', '2025-05-31', '5524 Melrose Court, San Antonio, Texas, United States, 78240', '2024-06-09 17:08:17', '2024-06-15 08:29:20'),
(17, '29', 'MasterCard', '5266225872043899', '2025-05-11', '10087 Port Royal Court, Abilene, Texas, United States, 79605', '2024-06-09 17:17:17', '2024-06-12 04:36:22'),
(18, '77', 'American Express', '372671547367650', '2025-04-13', '5187 Feustel Avenue, Louisville, Kentucky, United States, 40256', '2024-06-09 17:27:05', '2024-06-19 06:22:10'),
(19, '42', 'Visa', '4350615080925046', '2024-12-09', '8084 Viewpoint Terrace, Greenville, South Carolina, United States, 29610', '2024-06-09 17:29:43', '2024-06-13 12:32:21'),
(20, '88', 'American Express', '343418909880169', '2025-03-08', '13632 Randall Road, Phoenix, Arizona, United States, 85083', '2024-06-09 17:30:52', '2024-06-10 17:18:15'),
(21, '89', 'MasterCard', '5181620602682994', '2025-03-23', '6967 Rivera Road, Fort Smith, Arkansas, United States, 72916', '2024-06-09 17:40:21', '2024-06-11 01:16:12'),
(22, '28', 'Visa', '4230071008178', '2024-12-01', '1766 Diane Street, Nashville, Tennessee, United States, 37205', '2024-06-09 17:46:18', '2024-06-19 04:57:27'),
(23, '49', 'Visa', '4577021130843', '2024-07-27', '6052 Hoyt Road, Bloomington, Illinois, United States, 61709', '2024-06-09 17:54:05', '2024-06-19 15:03:09'),
(24, '66', 'MasterCard', '5399938561670026', '2024-08-03', '12196 Loree Way, Sacramento, California, United States, 95833', '2024-06-09 17:58:00', '2024-06-10 06:50:11'),
(25, '33', 'Discover', '614375020613833824', '2024-07-21', '8913 Tatman Terrace, Houston, Texas, United States, 77080', '2024-06-09 18:07:40', '2024-06-12 04:14:20'),
(26, '69', 'American Express', '345945123559422', '2025-03-05', '12135 Countrywind Court, Dulles, Virginia, United States, 20189', '2024-06-09 18:12:16', '2024-06-18 16:22:05'),
(27, '99', 'American Express', '341525488782274', '2024-12-13', '12874 Livingston Loop, Jamaica, New York, United States, 11407', '2024-06-09 18:13:37', '2024-06-13 08:18:16'),
(28, '23', 'American Express', '345449610746334', '2024-12-13', '615 Culpepper Way, Shreveport, Louisiana, United States, 71137', '2024-06-09 18:18:31', '2024-06-19 05:02:11'),
(29, '86', 'American Express', '344471186739720', '2025-02-17', '2720 Glen Hollow Way, Troy, Michigan, United States, 48098', '2024-06-09 18:19:49', '2024-06-18 20:58:45'),
(30, '85', 'Discover', '613480658087863589', '2025-04-17', '3133 Adriana Way, Washington, District of Columbia, United States, 20580', '2024-06-09 18:28:41', '2024-06-11 01:39:58'),
(31, '75', 'American Express', '370504098868067', '2024-06-24', '13149 Bamboo Avenue, Gaithersburg, Maryland, United States, 20883', '2024-06-09 18:30:34', '2024-06-17 03:16:51'),
(32, '87', 'MasterCard', '5200782765390752', '2024-10-23', '12206 Roseapple Avenue, Charleston, West Virginia, United States, 25331', '2024-06-09 18:33:06', '2024-06-16 18:11:48'),
(33, '25', 'MasterCard', '5509772842908971', '2025-05-19', '4563 Oliver Lane, Shawnee Mission, Kansas, United States, 66205', '2024-06-09 18:37:54', '2024-06-09 18:45:41'),
(34, '78', 'Visa', '4113988556545', '2025-01-18', '2594 Wilsea Place, Huntington, West Virginia, United States, 25705', '2024-06-09 18:44:50', '2024-06-18 08:52:04'),
(35, '3', 'MasterCard', '5484158614189710', '2024-11-17', '2213 Fudge Terrace, Mobile, Alabama, United States, 36641', '2024-06-09 18:54:38', '2024-06-10 03:16:21'),
(36, '73', 'American Express', '374086296206342', '2024-08-12', '14282 Fieldbrook Way, Jefferson City, Missouri, United States, 65110', '2024-06-09 19:01:53', '2024-06-19 02:59:36'),
(37, '17', 'MasterCard', '5175090106019663', '2024-09-08', '8513 Park Glen Court, Corpus Christi, Texas, United States, 78470', '2024-06-09 19:08:26', '2024-06-18 09:07:20'),
(38, '54', 'Discover', '603938504633846919', '2024-10-11', '5765 Gulley Lane, Kent, Washington, United States, 98042', '2024-06-09 19:14:28', '2024-06-16 22:03:12'),
(39, '34', 'Discover', '618595337749322984', '2024-08-03', '8865 Nutwood Avenue, Rochester, New York, United States, 14614', '2024-06-09 19:18:41', '2024-06-11 03:19:01'),
(40, '20', 'American Express', '349573484575483', '2025-05-31', '3433 Broad Street, El Paso, Texas, United States, 79923', '2024-06-09 19:20:40', '2024-06-11 13:46:19'),
(41, '38', 'Visa', '4630720553124614', '2024-07-24', '8964 Charo Lane, Columbus, Ohio, United States, 43215', '2024-06-09 19:24:14', '2024-06-12 22:04:33'),
(42, '6', 'Discover', '603648420466030169', '2025-01-07', '8892 San Juan Drive, Charleston, West Virginia, United States, 25305', '2024-06-09 19:25:53', '2024-06-18 10:56:54'),
(43, '64', 'American Express', '370381883636347', '2024-12-01', '11054 Jeremy Circle, Pasadena, California, United States, 91131', '2024-06-09 19:35:36', '2024-06-19 17:39:43'),
(44, '68', 'Visa', '4272822602066', '2024-11-30', '1997 Niblick Court, Louisville, Kentucky, United States, 40287', '2024-06-09 19:44:16', '2024-06-12 20:18:31'),
(45, '91', 'American Express', '347751131127640', '2024-07-23', '3081 Ethanwood Avenue, Panama City, Florida, United States, 32412', '2024-06-09 19:50:25', '2024-06-14 08:32:16'),
(46, '15', 'MasterCard', '5112333495391483', '2024-08-23', '1882 Nichols Terrace, Washington, District of Columbia, United States, 20310', '2024-06-09 19:56:20', '2024-06-13 13:58:20'),
(47, '21', 'American Express', '340460958298780', '2025-02-14', '7046 Alvarado Place, Oklahoma City, Oklahoma, United States, 73142', '2024-06-09 20:05:25', '2024-06-12 22:48:50'),
(48, '83', 'Discover', '613437205805634506', '2025-01-17', '13339 Gordon Path, Saint Louis, Missouri, United States, 63150', '2024-06-09 20:09:41', '2024-06-10 12:49:45'),
(49, '1', 'Visa', '4559311168006', '2025-05-15', '8934 Idle Court, Edmond, Oklahoma, United States, 73034', '2024-06-09 20:11:32', '2024-06-17 13:05:39'),
(50, '48', 'MasterCard', '5156139960243589', '2024-10-09', '13915 Leslie Lane, Mesa, Arizona, United States, 85210', '2024-06-09 20:13:17', '2024-06-10 05:34:24'),
(51, '82', 'MasterCard', '5299430344866064', '2024-10-04', '167 Fieldbrook Way, Lincoln, Nebraska, United States, 68517', '2024-06-09 20:14:22', '2024-06-11 03:12:00'),
(52, '71', 'American Express', '346639216657086', '2025-02-09', '6687 Lake Creek Circle, San Diego, California, United States, 92115', '2024-06-09 20:23:59', '2024-06-15 17:42:34'),
(53, '22', 'Visa', '4194644202520113', '2025-01-25', '7407 Aloha Way, Louisville, Kentucky, United States, 40220', '2024-06-09 20:25:29', '2024-06-15 11:03:03'),
(54, '10', 'MasterCard', '5590354384693905', '2025-01-08', '588 Zick Court, San Diego, California, United States, 92110', '2024-06-09 20:26:49', '2024-06-13 09:23:17'),
(55, '39', 'Visa', '4653600810256262', '2025-05-21', '5910 Ibises Court, Houston, Texas, United States, 77212', '2024-06-09 20:29:13', '2024-06-12 21:43:15'),
(56, '63', 'Discover', '612327920038798333', '2024-10-13', '1128 Vandenberg Court, Louisville, Kentucky, United States, 40205', '2024-06-09 20:38:44', '2024-06-18 17:31:38'),
(57, '18', 'American Express', '372912813050755', '2025-04-25', '13924 Linton Lane, Lexington, Kentucky, United States, 40505', '2024-06-09 20:42:19', '2024-06-17 23:46:42'),
(58, '12', 'Discover', '601783467729617430', '2024-11-02', '4293 Furman Loop, Memphis, Tennessee, United States, 38104', '2024-06-09 20:46:54', '2024-06-15 02:27:49'),
(59, '5', 'Discover', '619550366715332926', '2025-03-09', '3787 Sadie Avenue, Washington, District of Columbia, United States, 20470', '2024-06-09 20:50:57', '2024-06-13 20:23:17'),
(60, '31', 'Visa', '4844150570655071', '2024-12-13', '163 Vista Place, Hyattsville, Maryland, United States, 20784', '2024-06-09 20:55:01', '2024-06-14 10:36:21'),
(61, '45', 'MasterCard', '5504521925841988', '2024-09-19', '9927 Jolene Place, San Rafael, California, United States, 94913', '2024-06-09 21:00:22', '2024-06-19 07:38:34'),
(62, '100', 'Discover', '605517209848707872', '2025-03-14', '12426 Yemassee Loop, Austin, Texas, United States, 78749', '2024-06-09 21:01:46', '2024-06-10 07:18:19'),
(63, '9', 'Discover', '613814539656327742', '2024-12-29', '3400 Megan Circle, Vero Beach, Florida, United States, 32964', '2024-06-09 21:09:28', '2024-06-19 09:53:02'),
(64, '72', 'MasterCard', '5260467317611627', '2025-05-18', '2124 Del Toro Drive, Bakersfield, California, United States, 93399', '2024-06-09 21:15:32', '2024-06-17 21:24:28'),
(65, '43', 'Visa', '4121608869799953', '2024-12-09', '7845 Bluebird Lane, Charleston, South Carolina, United States, 29403', '2024-06-09 21:20:39', '2024-06-13 16:16:33'),
(66, '92', 'MasterCard', '5378991995646653', '2024-09-01', '161 Katherine Place, Chicago, Illinois, United States, 60674', '2024-06-09 21:30:27', '2024-06-10 02:59:38'),
(67, '80', 'Discover', '611100592690677215', '2025-03-30', '6853 Trabucco Terrace, Mesa, Arizona, United States, 85205', '2024-06-09 21:38:35', '2024-06-12 10:57:20'),
(68, '58', 'MasterCard', '5568989961226690', '2025-05-20', '2139 Mincey Loop, Washington, District of Columbia, United States, 20508', '2024-06-09 21:40:33', '2024-06-10 11:24:03'),
(69, '7', 'Discover', '612211172419346097', '2025-04-29', '1088 Reynolds Road, Tucson, Arizona, United States, 85743', '2024-06-09 21:48:05', '2024-06-13 15:56:19'),
(70, '52', 'Visa', '4413981559713', '2025-05-01', '5953 Windham Way, Phoenix, Arizona, United States, 85005', '2024-06-09 21:53:46', '2024-06-12 22:45:51'),
(71, '40', 'Visa', '4572844591075792', '2024-12-31', '4824 Rio Grande Avenue, Anchorage, Alaska, United States, 99512', '2024-06-09 22:00:08', '2024-06-15 19:21:57'),
(72, '2', 'Visa', '4894089036284440', '2024-07-05', '8113 Nicole Terrace, Columbia, South Carolina, United States, 29208', '2024-06-09 22:09:38', '2024-06-17 22:23:51'),
(73, '65', 'MasterCard', '5517995357874839', '2024-12-12', '13499 Rockingham Road, Buffalo, New York, United States, 14220', '2024-06-09 22:17:19', '2024-06-18 07:07:29'),
(74, '67', 'Visa', '4868508552229788', '2024-11-17', '10416 Kaley Court, Metairie, Louisiana, United States, 70005', '2024-06-09 22:21:03', '2024-06-13 19:50:34'),
(75, '51', 'Visa', '4981529115324322', '2024-10-31', '3471 Tall Trees Lane, Daytona Beach, Florida, United States, 32123', '2024-06-09 22:23:38', '2024-06-13 10:55:35'),
(76, '84', 'American Express', '372056624118878', '2024-08-18', '8211 Estill Avenue, Long Beach, California, United States, 90847', '2024-06-09 22:29:23', '2024-06-18 21:29:35'),
(77, '16', 'MasterCard', '5464648510592656', '2024-10-18', '9066 Kelmscott Street, Orlando, Florida, United States, 32885', '2024-06-09 22:38:52', '2024-06-18 05:04:07'),
(78, '30', 'Discover', '619983911115166197', '2025-06-02', '9226 Grady Terrace, Washington, District of Columbia, United States, 20557', '2024-06-09 22:41:32', '2024-06-11 21:30:58'),
(79, '59', 'American Express', '373274758535604', '2025-04-01', '3342 Adamsville Avenue, Sacramento, California, United States, 95865', '2024-06-09 22:43:39', '2024-06-13 02:36:26'),
(80, '60', 'MasterCard', '5488222134303841', '2025-01-28', '14942 Anders Avenue, Buffalo, New York, United States, 14225', '2024-06-09 22:48:12', '2024-06-12 18:31:29'),
(81, '14', 'American Express', '343761045165740', '2024-10-23', '2440 Mistwood Lane, Buffalo, New York, United States, 14233', '2024-06-09 22:51:14', '2024-06-11 13:57:25'),
(82, '76', 'MasterCard', '5287832633760276', '2025-01-19', '11046 Roseapple Avenue, Saint Louis, Missouri, United States, 63126', '2024-06-09 22:55:10', '2024-06-19 06:10:15'),
(83, '74', 'MasterCard', '5259155857673411', '2025-03-31', '4556 Netherclift Terrace, Atlanta, Georgia, United States, 30336', '2024-06-09 23:01:21', '2024-06-11 04:33:24'),
(84, '32', 'MasterCard', '5263244931753599', '2024-09-10', '12084 View Path, Dallas, Texas, United States, 75397', '2024-06-09 23:03:23', '2024-06-14 01:48:11'),
(85, '79', 'Discover', '606234946847048044', '2024-07-27', '7055 Lawthorn Street, Detroit, Michigan, United States, 48211', '2024-06-09 23:05:11', '2024-06-19 17:30:19'),
(86, '94', 'MasterCard', '5241062304579608', '2025-03-17', '4902 Carmen Rene Way, Simi Valley, California, United States, 93094', '2024-06-09 23:09:39', '2024-06-10 01:28:21'),
(87, '93', 'Visa', '4672071545588188', '2024-08-14', '9812 Adamsville Avenue, New York City, New York, United States, 10024', '2024-06-09 23:10:46', '2024-06-19 12:54:13'),
(88, '36', 'Visa', '4591469762280786', '2025-04-19', '5745 Alandari Lane, Shawnee Mission, Kansas, United States, 66276', '2024-06-09 23:19:07', '2024-06-12 21:16:59'),
(89, '13', 'Visa', '4910178771672', '2024-08-26', '5342 Lester Drive, Honolulu, Hawaii, United States, 96820', '2024-06-09 23:24:14', '2024-06-18 07:40:36'),
(90, '50', 'American Express', '376604142939322', '2025-02-06', '411 Zadora Lane, Sacramento, California, United States, 94250', '2024-06-09 23:34:13', '2024-06-14 16:02:44'),
(91, '61', 'MasterCard', '5114771885196608', '2025-02-04', '14090 Iveywood Street, New York City, New York, United States, 10079', '2024-06-09 23:37:04', '2024-06-10 16:15:41'),
(92, '44', 'Visa', '4713677496300', '2025-04-21', '14847 Candlewick Court, Grand Rapids, Michigan, United States, 49505', '2024-06-09 23:44:14', '2024-06-17 23:17:48'),
(93, '95', 'Visa', '4555315546273', '2024-11-05', '11556 Demoss Court, Vancouver, Washington, United States, 98664', '2024-06-09 23:47:49', '2024-06-13 23:21:42'),
(94, '98', 'Visa', '4871077746770573', '2025-04-03', '8971 Porter Place, Decatur, Georgia, United States, 30033', '2024-06-09 23:52:33', '2024-06-15 11:05:27'),
(95, '81', 'Discover', '611894794448429242', '2025-01-08', '11947 Saybrook Way, El Paso, Texas, United States, 79968', '2024-06-09 23:55:47', '2024-06-15 14:00:55'),
(96, '26', 'Visa', '4748061876734', '2024-09-30', '1453 Imperial Lane, Phoenix, Arizona, United States, 85040', '2024-06-10 00:05:25', '2024-06-11 07:52:26'),
(97, '57', 'Visa', '4231458713093535', '2025-01-21', '8070 Ybor Lane, Hampton, Virginia, United States, 23663', '2024-06-10 00:10:58', '2024-06-11 02:08:31'),
(98, '11', 'Discover', '603516249914691309', '2024-10-11', '2009 Alva Terrace, Shreveport, Louisiana, United States, 71130', '2024-06-10 00:12:35', '2024-06-15 11:27:44'),
(99, '35', 'American Express', '376034151027683', '2024-10-06', '11343 Hiles Place, Philadelphia, Pennsylvania, United States, 19160', '2024-06-10 00:18:23', '2024-06-15 22:58:16'),
(100, '97', 'Visa', '4059645253371383', '2024-07-02', '1612 Gadsden Place, Phoenix, Arizona, United States, 85077', '2024-06-10 00:21:10', '2024-06-12 02:27:59');


-- fabricate-flush


INSERT INTO `payments` (`payment_id`, `order_id`, `payment_method_id`, `amount`, `status`, `created_at`, `updated_at`) VALUES
(1, '25', '88', '104.33', 'pending', '2024-06-09 15:44:13', '2024-06-11 15:43:55'),
(2, '81', '15', '76.24', 'cancelled', '2024-06-09 15:48:46', '2024-06-13 18:21:21'),
(3, '70', '78', '105.36', 'completed', '2024-06-09 15:55:15', '2024-06-12 05:28:09'),
(4, '28', '13', '76.51', 'refunded', '2024-06-09 15:57:56', '2024-06-17 01:47:01'),
(5, '87', '67', '117.36', 'failed', '2024-06-09 16:06:48', '2024-06-14 14:02:47'),
(6, '46', '39', '97.85', 'processing', '2024-06-09 16:07:57', '2024-06-13 09:50:26'),
(7, '75', '89', '95.41', 'pending', '2024-06-09 16:17:36', '2024-06-11 16:16:32'),
(8, '11', '30', '87.87', 'cancelled', '2024-06-09 16:26:16', '2024-06-16 14:34:44'),
(9, '79', '71', '93.57', 'completed', '2024-06-09 16:34:40', '2024-06-11 20:57:03'),
(10, '37', '5', '79.84', 'refunded', '2024-06-09 16:37:55', '2024-06-13 18:36:20'),
(11, '53', '47', '107.77', 'failed', '2024-06-09 16:39:34', '2024-06-14 02:07:22'),
(12, '24', '23', '81.88', 'processing', '2024-06-09 16:48:25', '2024-06-10 20:20:23'),
(13, '27', '56', '105.92', 'processing', '2024-06-09 16:50:04', '2024-06-17 07:45:03'),
(14, '45', '63', '103.00', 'refunded', '2024-06-09 16:56:09', '2024-06-12 00:22:54'),
(15, '63', '34', '79.82', 'cancelled', '2024-06-09 16:58:52', '2024-06-16 21:05:32'),
(16, '19', '55', '91.80', 'pending', '2024-06-09 17:04:33', '2024-06-17 09:25:58'),
(17, '61', '29', '119.32', 'failed', '2024-06-09 17:10:37', '2024-06-10 20:27:34'),
(18, '49', '37', '123.98', 'completed', '2024-06-09 17:19:20', '2024-06-15 18:05:25'),
(19, '86', '44', '96.19', 'completed', '2024-06-09 17:28:47', '2024-06-13 20:31:18'),
(20, '92', '9', '103.62', 'processing', '2024-06-09 17:37:01', '2024-06-11 17:58:26'),
(21, '76', '86', '110.85', 'refunded', '2024-06-09 17:38:27', '2024-06-17 02:22:51'),
(22, '85', '58', '83.67', 'cancelled', '2024-06-09 17:44:03', '2024-06-11 20:54:47'),
(23, '73', '73', '86.15', 'failed', '2024-06-09 17:49:59', '2024-06-12 08:42:34'),
(24, '91', '4', '81.63', 'pending', '2024-06-09 17:53:27', '2024-06-14 11:28:43'),
(25, '14', '49', '90.42', 'pending', '2024-06-09 18:00:22', '2024-06-11 19:33:18'),
(26, '54', '93', '75.53', 'completed', '2024-06-09 18:02:11', '2024-06-19 08:37:23'),
(27, '35', '82', '76.31', 'refunded', '2024-06-09 18:08:13', '2024-06-11 04:41:06'),
(28, '90', '85', '123.67', 'cancelled', '2024-06-09 18:10:21', '2024-06-16 02:41:15'),
(29, '64', '74', '109.87', 'failed', '2024-06-09 18:16:09', '2024-06-12 23:00:18'),
(30, '32', '57', '102.77', 'processing', '2024-06-09 18:23:15', '2024-06-15 04:12:14'),
(31, '60', '64', '95.97', 'cancelled', '2024-06-09 18:33:13', '2024-06-12 14:02:46'),
(32, '38', '42', '101.63', 'refunded', '2024-06-09 18:36:45', '2024-06-18 14:32:53'),
(33, '57', '100', '102.70', 'pending', '2024-06-09 18:45:45', '2024-06-17 16:37:26'),
(34, '17', '11', '82.43', 'failed', '2024-06-09 18:50:16', '2024-06-11 02:16:46'),
(35, '44', '43', '110.40', 'completed', '2024-06-09 18:53:45', '2024-06-16 03:54:10'),
(36, '18', '7', '108.92', 'processing', '2024-06-09 18:58:12', '2024-06-15 14:07:36'),
(37, '55', '91', '104.29', 'pending', '2024-06-09 19:04:46', '2024-06-13 14:32:37'),
(38, '71', '22', '108.48', 'completed', '2024-06-09 19:14:13', '2024-06-18 04:12:05'),
(39, '77', '50', '81.62', 'processing', '2024-06-09 19:20:49', '2024-06-12 16:10:43'),
(40, '1', '26', '112.20', 'refunded', '2024-06-09 19:24:30', '2024-06-14 18:26:22'),
(41, '41', '2', '112.34', 'cancelled', '2024-06-09 19:28:11', '2024-06-10 02:11:32'),
(42, '33', '79', '106.11', 'failed', '2024-06-09 19:31:40', '2024-06-16 00:37:15'),
(43, '8', '38', '110.14', 'pending', '2024-06-09 19:36:36', '2024-06-15 19:20:08'),
(44, '10', '90', '80.79', 'cancelled', '2024-06-09 19:45:32', '2024-06-15 20:08:11'),
(45, '21', '12', '123.57', 'completed', '2024-06-09 19:54:47', '2024-06-11 07:09:11'),
(46, '12', '72', '101.59', 'refunded', '2024-06-09 19:59:18', '2024-06-13 00:34:39'),
(47, '78', '3', '119.04', 'failed', '2024-06-09 20:00:19', '2024-06-14 03:34:20'),
(48, '3', '92', '89.52', 'processing', '2024-06-09 20:06:38', '2024-06-11 05:55:16'),
(49, '59', '1', '105.33', 'cancelled', '2024-06-09 20:14:19', '2024-06-15 09:27:13'),
(50, '51', '32', '114.43', 'completed', '2024-06-09 20:15:46', '2024-06-19 05:55:31'),
(51, '65', '48', '121.28', 'refunded', '2024-06-09 20:17:12', '2024-06-19 08:19:01'),
(52, '5', '35', '98.05', 'failed', '2024-06-09 20:26:15', '2024-06-14 12:39:10'),
(53, '100', '10', '123.53', 'processing', '2024-06-09 20:30:57', '2024-06-13 05:35:27'),
(54, '88', '96', '111.65', 'pending', '2024-06-09 20:37:56', '2024-06-19 00:36:42'),
(55, '47', '83', '87.50', 'pending', '2024-06-09 20:46:50', '2024-06-11 10:38:34'),
(56, '69', '46', '101.63', 'completed', '2024-06-09 20:49:43', '2024-06-15 14:36:16'),
(57, '34', '80', '102.26', 'processing', '2024-06-09 20:53:29', '2024-06-11 23:37:20'),
(58, '93', '6', '84.05', 'refunded', '2024-06-09 21:00:06', '2024-06-12 16:56:16'),
(59, '9', '51', '123.40', 'cancelled', '2024-06-09 21:06:26', '2024-06-10 11:31:02'),
(60, '84', '28', '117.79', 'failed', '2024-06-09 21:07:43', '2024-06-15 11:10:13'),
(61, '26', '8', '101.31', 'pending', '2024-06-09 21:12:40', '2024-06-16 16:03:33'),
(62, '23', '97', '108.44', 'cancelled', '2024-06-09 21:15:45', '2024-06-14 19:02:54'),
(63, '97', '59', '78.43', 'completed', '2024-06-09 21:23:46', '2024-06-13 01:55:21'),
(64, '6', '41', '87.94', 'refunded', '2024-06-09 21:27:33', '2024-06-11 22:38:30'),
(65, '56', '53', '82.46', 'failed', '2024-06-09 21:34:10', '2024-06-10 17:34:15'),
(66, '16', '25', '85.71', 'processing', '2024-06-09 21:37:38', '2024-06-12 18:09:13'),
(67, '68', '17', '122.00', 'refunded', '2024-06-09 21:47:01', '2024-06-18 22:04:53'),
(68, '7', '69', '114.27', 'pending', '2024-06-09 21:52:03', '2024-06-11 08:31:05'),
(69, '99', '52', '86.46', 'failed', '2024-06-09 22:00:27', '2024-06-12 20:01:47'),
(70, '67', '16', '96.35', 'completed', '2024-06-09 22:02:55', '2024-06-19 08:41:54'),
(71, '52', '76', '105.57', 'processing', '2024-06-09 22:05:04', '2024-06-16 21:38:56'),
(72, '29', '21', '94.86', 'cancelled', '2024-06-09 22:14:46', '2024-06-16 07:05:32'),
(73, '94', '94', '106.60', 'cancelled', '2024-06-09 22:19:02', '2024-06-10 04:38:19'),
(74, '43', '99', '117.33', 'refunded', '2024-06-09 22:24:52', '2024-06-15 03:56:56'),
(75, '80', '45', '84.39', 'pending', '2024-06-09 22:30:31', '2024-06-12 20:34:05'),
(76, '95', '40', '90.44', 'failed', '2024-06-09 22:38:50', '2024-06-15 01:44:45'),
(77, '58', '20', '113.29', 'completed', '2024-06-09 22:43:14', '2024-06-10 16:13:49'),
(78, '20', '61', '76.10', 'processing', '2024-06-09 22:51:48', '2024-06-12 13:26:57'),
(79, '74', '66', '75.11', 'cancelled', '2024-06-09 22:59:59', '2024-06-16 21:42:43'),
(80, '42', '70', '103.90', 'refunded', '2024-06-09 23:06:08', '2024-06-17 00:59:18'),
(81, '22', '54', '77.32', 'pending', '2024-06-09 23:13:51', '2024-06-11 19:12:22'),
(82, '2', '95', '84.57', 'failed', '2024-06-09 23:15:58', '2024-06-19 13:50:25'),
(83, '83', '65', '84.26', 'completed', '2024-06-09 23:22:25', '2024-06-14 01:13:38'),
(84, '89', '84', '89.29', 'processing', '2024-06-09 23:23:26', '2024-06-11 01:00:24'),
(85, '30', '62', '117.24', 'failed', '2024-06-09 23:25:59', '2024-06-12 16:23:50'),
(86, '36', '18', '99.30', 'processing', '2024-06-09 23:34:03', '2024-06-19 11:42:13'),
(87, '4', '98', '120.76', 'pending', '2024-06-09 23:39:38', '2024-06-10 22:51:34'),
(88, '15', '60', '97.08', 'cancelled', '2024-06-09 23:41:20', '2024-06-17 15:12:51'),
(89, '72', '24', '115.91', 'completed', '2024-06-09 23:46:22', '2024-06-10 20:18:47'),
(90, '13', '31', '118.02', 'refunded', '2024-06-09 23:51:30', '2024-06-18 05:21:51'),
(91, '50', '14', '103.62', 'refunded', '2024-06-09 23:52:51', '2024-06-16 19:18:28'),
(92, '98', '33', '103.68', 'failed', '2024-06-09 23:56:36', '2024-06-11 08:46:05'),
(93, '66', '36', '97.01', 'processing', '2024-06-10 00:05:38', '2024-06-14 18:35:07'),
(94, '96', '81', '123.99', 'pending', '2024-06-10 00:13:09', '2024-06-17 04:14:36'),
(95, '40', '75', '96.04', 'cancelled', '2024-06-10 00:17:02', '2024-06-10 02:22:59'),
(96, '82', '68', '85.66', 'completed', '2024-06-10 00:20:54', '2024-06-19 08:05:42'),
(97, '62', '19', '97.73', 'pending', '2024-06-10 00:26:05', '2024-06-15 10:43:25'),
(98, '31', '77', '113.74', 'cancelled', '2024-06-10 00:34:17', '2024-06-19 02:27:15'),
(99, '39', '27', '86.10', 'completed', '2024-06-10 00:43:48', '2024-06-12 07:12:41'),
(100, '48', '87', '96.38', 'refunded', '2024-06-10 00:48:29', '2024-06-17 01:21:20');


-- fabricate-flush


INSERT INTO `products` (`product_id`, `product_name`, `description`, `price`, `stock_quantity`, `created_at`, `updated_at`) VALUES
(1, 'Casual Cropped Sweater', 'A trendy cropped sweater perfect for a casual look.', '39.99', '6956', '2024-06-09 15:44:13', '2024-06-19 12:49:24'),
(2, 'Quality Chef Apron', 'Durable apron to keep clothes clean while cooking.', '19.99', '1278', '2024-06-09 15:51:43', '2024-06-18 03:18:50'),
(3, 'Hand Crank Blender', 'Manual blender for smoothies and mixing ingredients on the go.', '18.99', '358', '2024-06-09 15:56:35', '2024-06-14 21:05:58'),
(4, 'Belted Trench Coat', 'Timeless belted trench coat for a polished look during fall.', '89.99', '9455', '2024-06-09 16:04:27', '2024-06-10 00:10:53'),
(5, 'Coconut Chia Seed Pudding', 'Ready-to-eat chia seed pudding made with coconut milk, perfect for breakfast or dessert.', '2.99', '6925', '2024-06-09 16:10:49', '2024-06-13 02:43:27'),
(6, 'Savory Quinoa Pudding', 'A delicious savory quinoa pudding, great as a side dish.', '2.99', '3262', '2024-06-09 16:15:01', '2024-06-19 02:18:23'),
(7, 'Maxi Wrap Dress', 'A flowy maxi dress perfect for both casual and semi-formal occasions.', '49.99', '4924', '2024-06-09 16:16:36', '2024-06-16 13:31:02'),
(8, 'Luxe Velvet Blazer', 'Elevate your outfit with this sophisticated velvet blazer.', '89.99', '2163', '2024-06-09 16:19:14', '2024-06-13 15:30:07'),
(9, 'USB Desk Fan', 'Compact USB fan for personal cooling.', '14.99', '7658', '2024-06-09 16:27:22', '2024-06-13 16:33:23'),
(10, 'Maple Pecan Granola', 'Crunchy granola with maple syrup and pecans, great for breakfast or snacking.', '4.49', '3431', '2024-06-09 16:36:50', '2024-06-15 21:45:13'),
(11, 'Mesh Sports Leggings', 'Breathable mesh sports leggings for ultimate comfort.', '39.99', '7611', '2024-06-09 16:44:36', '2024-06-14 18:57:36'),
(12, 'LED Strip Lights with Remote Control', 'Color-changing LED lights for home decoration with remote.', '29.99', '1259', '2024-06-09 16:51:12', '2024-06-16 17:51:06'),
(13, 'Crafting Kit', 'Complete crafting kit for kids and adults.', '29.99', '9403', '2024-06-09 16:59:10', '2024-06-12 07:33:16'),
(14, 'Thermostatic Shower Valve Kit', 'Regulate water temperature for safe and comfortable showers.', '39.99', '5646', '2024-06-09 17:04:06', '2024-06-13 14:12:05'),
(15, 'Sweet Corn', 'Tender sweet corn kernels, ready to eat or add to dishes.', '1.5', '5250', '2024-06-09 17:05:51', '2024-06-14 10:23:33'),
(16, 'Vegetarian Pizza', 'Frozen pizza loaded with vegetables and cheese.', '5.49', '3148', '2024-06-09 17:14:47', '2024-06-14 22:04:34'),
(17, 'Artisan Cornbread Mix', 'Mix for homemade cornbread, just add water and bake for a delicious side.', '2.49', '2936', '2024-06-09 17:17:58', '2024-06-10 22:43:52'),
(18, 'Art Supplies Organizer', 'Storage organizer for art supplies and tools.', '18.99', '925', '2024-06-09 17:22:49', '2024-06-17 22:45:29'),
(19, 'Kale Salad with Lemon Dressing', 'Fresh kale salad with a zesty lemon dressing, great as a side dish.', '4.99', '1021', '2024-06-09 17:29:56', '2024-06-13 13:45:43'),
(20, 'Streaming Device', 'HD streaming device for accessing popular services.', '49.99', '796', '2024-06-09 17:38:33', '2024-06-11 01:14:28'),
(21, 'Flavored Instant Oatmeal', 'Quick oatmeal with various flavors', '2.99', '5008', '2024-06-09 17:40:34', '2024-06-19 05:35:13'),
(22, 'Pumpkin Spice Latte Mix', 'Instant mix for delicious pumpkin spice lattes at home.', '3.29', '7300', '2024-06-09 17:47:44', '2024-06-12 14:49:00'),
(23, 'Comfortable Bed Pillow', 'Supportive pillow designed for a good night''s sleep.', '24.99', '5802', '2024-06-09 17:52:32', '2024-06-12 23:19:05'),
(24, 'Adjustable Resistance Bands', 'Set of resistance bands for versatile strength training workouts.', '39.99', '7918', '2024-06-09 18:00:29', '2024-06-12 16:02:36'),
(25, 'Fresh Basil', 'Aromatic fresh basil, perfect for Italian cooking.', '1.99', '9458', '2024-06-09 18:03:03', '2024-06-14 13:19:38'),
(26, 'Strawberry Fruit Spread', 'Natural fruit spread bursting with real strawberry flavor.', '3.59', '2042', '2024-06-09 18:06:41', '2024-06-19 12:46:20'),
(27, 'Cereal Dispenser with Portion Control', 'Maintain freshness and dispense cereal easily.', '24.99', '4754', '2024-06-09 18:13:38', '2024-06-15 23:14:20'),
(28, 'Smartphone Tripod with Remote', 'Adjustable tripod with remote shutter for smartphones.', '29.99', '2205', '2024-06-09 18:18:48', '2024-06-14 17:04:19'),
(29, 'Spicy Tuna Sushi Kit', 'Everything you need to make delicious spicy tuna rolls at home.', '8.99', '239', '2024-06-09 18:24:22', '2024-06-11 10:04:28'),
(30, 'Cotton Basic Tank', 'Essential cotton tank top, perfect for layering.', '14.99', '8210', '2024-06-09 18:31:38', '2024-06-16 12:10:16'),
(31, 'Beef Jerky', 'Savory, protein-rich beef jerky for on-the-go snacking.', '5.99', '3084', '2024-06-09 18:39:15', '2024-06-12 17:38:15'),
(32, 'Oatmeal Raisin Cookies', 'Delicious cookies packed with oats and raisins.', '3.49', '4067', '2024-06-09 18:48:17', '2024-06-09 20:03:40'),
(33, 'Whole Chicken', 'A whole free-range chicken, ready for roasting.', '12.99', '7276', '2024-06-09 18:49:19', '2024-06-16 08:00:46'),
(34, 'Portable Pet Pooper Scooper', 'Compact scooper for easy waste clean-up during walks.', '12.99', '2759', '2024-06-09 18:58:08', '2024-06-10 20:31:26'),
(35, 'Vanilla Ice Cream', 'Creamy and rich vanilla ice cream, a classic dessert.', '4.99', '9929', '2024-06-09 19:07:48', '2024-06-12 16:53:40'),
(36, 'Coconut Yogurt', 'Creamy yogurt made from coconut milk, dairy-free and delicious.', '3.89', '2140', '2024-06-09 19:10:56', '2024-06-15 01:01:45'),
(37, 'Classic Baseball Cap', 'A timeless baseball cap that adds a sporty touch to any outfit.', '24.99', '1012', '2024-06-09 19:20:26', '2024-06-14 11:07:19'),
(38, 'Ethical Wool Scarf', 'A warm and sustainable wool scarf for chilly days.', '29.99', '1017', '2024-06-09 19:28:12', '2024-06-18 06:34:55'),
(39, 'Fashionable Fanny Pack', 'A trendy fanny pack, perfect for hands-free outings.', '24.99', '3081', '2024-06-09 19:32:25', '2024-06-11 21:37:50'),
(40, 'Window Bird Feeder', 'Suction cup bird feeder for close-up bird watching.', '19.99', '7500', '2024-06-09 19:33:56', '2024-06-13 12:30:47'),
(41, 'Vegan chocolate chip cookies', 'Delicious soft cookies, dairy-free and egg-free, perfect for treats.', '4.79', '3039', '2024-06-09 19:42:33', '2024-06-11 12:58:40'),
(42, 'Pet Hair Vacuum Cleaner Attachment', 'Specialized attachment for removing pet hair from surfaces.', '14.99', '1908', '2024-06-09 19:51:00', '2024-06-19 11:58:22'),
(43, 'Hot Salsa', 'Spicy salsa made with fresh ingredients.', '2.29', '7835', '2024-06-09 19:58:22', '2024-06-12 10:00:16'),
(44, 'Kids'' Art Easel', 'Double-sided art easel for painting and drawing.', '58.99', '6977', '2024-06-09 20:06:53', '2024-06-12 23:10:18'),
(45, 'Sunglasses Case', 'Hard-shell case for protecting sunglasses.', '15.99', '5085', '2024-06-09 20:12:55', '2024-06-10 06:02:01'),
(46, 'Frozen Berry Medley', 'A mix of strawberries, blueberries, and raspberries, great for smoothies or desserts.', '5.49', '9233', '2024-06-09 20:15:00', '2024-06-11 07:36:05'),
(47, 'Adjustable Dumbbells', 'Space-saving adjustable dumbbells for strength training.', '249.99', '4205', '2024-06-09 20:21:42', '2024-06-19 01:05:57'),
(48, 'Car Phone Mount', 'Adjustable phone mount for car dashboard.', '15.99', '4595', '2024-06-09 20:24:47', '2024-06-12 10:30:08'),
(49, 'Pet Grooming Kit', 'Complete grooming kit for dogs and cats.', '39.99', '2759', '2024-06-09 20:31:28', '2024-06-19 04:09:55'),
(50, 'Eco-Friendly Stainless Steel Straws', 'Reusable straws that come with a cleaning brush.', '12.99', '3178', '2024-06-09 20:39:41', '2024-06-16 01:18:45'),
(51, 'Coconut Milk Ice Cream', 'Dairy-free ice cream made with coconut milk, creamy and delicious.', '6.99', '2817', '2024-06-09 20:43:16', '2024-06-14 19:02:54'),
(52, 'Robot Vacuum Cleaner', 'Smart robotic vacuum for automatic cleaning.', '299.99', '3309', '2024-06-09 20:49:15', '2024-06-13 09:05:23'),
(53, 'Potato Wedge Seasoning', 'Seasoning mix for making crispy and flavorful potato wedges.', '2.49', '6435', '2024-06-09 20:55:16', '2024-06-18 20:26:20'),
(54, 'Portable UV Sterilizer', 'Compact sterilizer for disinfecting small items.', '19.99', '3555', '2024-06-09 21:01:44', '2024-06-18 17:33:46'),
(55, 'Vacuum Sealer Machine', 'Seal food and maintain freshness longer.', '89.99', '6597', '2024-06-09 21:04:59', '2024-06-15 23:23:26'),
(56, 'Pet Training Pads', 'Absorbent training pads for puppies and kittens.', '24.99', '110', '2024-06-09 21:06:00', '2024-06-11 15:17:32'),
(57, 'Organic Honeycrisp Apples', 'Sweet and crisp apples, perfect for snacking.', '1.99', '4111', '2024-06-09 21:11:59', '2024-06-16 00:33:20'),
(58, 'Nutritional Yeast', 'A healthy vegan cheese alternative packed with nutrients and flavor.', '3.59', '9836', '2024-06-09 21:16:21', '2024-06-11 21:55:29'),
(59, 'Vegetable Chips', 'Crispy and crunchy snack made from assorted vegetables.', '3.99', '2146', '2024-06-09 21:17:51', '2024-06-17 23:12:11'),
(60, 'Savory Mushroom Risotto', 'Creamy risotto infused with wild mushrooms.', '6.49', '2675', '2024-06-09 21:19:01', '2024-06-11 03:14:25'),
(61, 'Portable Camping Shower', 'Convenient shower system for camping and outdoor activities.', '39.99', '411', '2024-06-09 21:20:49', '2024-06-11 04:05:25'),
(62, 'Puzzle', 'Challenging 1000-piece jigsaw puzzle for all ages.', '27.99', '7388', '2024-06-09 21:27:54', '2024-06-17 22:47:46'),
(63, 'Halloween Decoration Set', 'Fun decorations for Halloween to set a spooky atmosphere.', '29.99', '2344', '2024-06-09 21:32:50', '2024-06-11 23:20:16'),
(64, 'Frozen Hash Browns', 'Shredded potatoes, perfect for breakfasts.', '2.99', '2566', '2024-06-09 21:34:13', '2024-06-19 03:13:36'),
(65, 'Honey Mustard Dip', 'Sweet and tangy honey mustard dip for snacks.', '3.29', '2726', '2024-06-09 21:36:37', '2024-06-17 11:02:42'),
(66, 'Cinnamon Ice Cream', 'Creamy ice cream with a warm cinnamon flavor, perfect for dessert.', '4.99', '7300', '2024-06-09 21:44:17', '2024-06-12 01:26:57'),
(67, 'Cocktail Shaker Set', 'Bartender kit with shaker, jigger, and strainer.', '29.99', '9346', '2024-06-09 21:49:13', '2024-06-13 17:37:54'),
(68, 'Wooden Blocks', 'Classic wooden building blocks for toddlers.', '24.99', '4997', '2024-06-09 21:56:54', '2024-06-18 22:18:51'),
(69, 'Red Lentil Pasta', 'Gluten-free pasta made from red lentils, packed with protein.', '3.99', '2848', '2024-06-09 22:04:21', '2024-06-15 06:52:14'),
(70, 'Air Purifier', 'HEPA air purifier for clean indoor air.', '129.99', '8055', '2024-06-09 22:12:58', '2024-06-19 21:20:20'),
(71, 'Chili Garlic Sauce', 'Spicy sauce made with chili peppers and garlic, great for stir-frying.', '2.49', '8177', '2024-06-09 22:21:32', '2024-06-19 16:06:18'),
(72, 'Party Mini Dress', 'Eye-catching mini dress with sequins, ideal for party nights out.', '69.99', '5178', '2024-06-09 22:27:23', '2024-06-10 01:59:43'),
(73, 'Electric Food Slicer', 'Versatile slicer for meats, cheeses, and vegetables.', '99.99', '7530', '2024-06-09 22:36:16', '2024-06-10 08:21:26'),
(74, 'Fruit Infuser Water Bottle', 'Water bottle designed to infuse flavors from fruits.', '15.99', '1095', '2024-06-09 22:44:50', '2024-06-19 04:35:55'),
(75, 'Taro Chips', 'Crispy chips made from taro root, a wonderful snack.', '3.59', '6745', '2024-06-09 22:51:57', '2024-06-16 20:27:09'),
(76, 'Samsung Galaxy Smartwatch', 'Stylish smartwatch with fitness tracking and notifications.', '249.99', '9734', '2024-06-09 23:00:11', '2024-06-10 08:56:13'),
(77, 'Overnight Hiking Backpack', 'Durable backpack with ample storage for outdoor adventures.', '79.99', '855', '2024-06-09 23:06:34', '2024-06-16 02:35:00'),
(78, 'Smashed Avocado with Lime', 'A creamy blend of avocados and lime juice, great for spreads or dips.', '2.49', '8446', '2024-06-09 23:13:23', '2024-06-15 07:42:18'),
(79, 'Wildflower Honey', 'Natural honey sourced from wildflowers.', '4.99', '3276', '2024-06-09 23:23:13', '2024-06-18 05:38:28'),
(80, 'Lockable Bicycle Chain', 'Heavy-duty chain lock for securing bicycles.', '19.99', '2941', '2024-06-09 23:31:45', '2024-06-15 08:51:19'),
(81, 'Chickpea Pasta', 'Healthy pasta alternative made from chickpeas', '4.19', '8576', '2024-06-09 23:39:27', '2024-06-13 00:59:00'),
(82, 'Fitness Jump Rope', 'Durable jump rope for cardio workouts.', '15.99', '7124', '2024-06-09 23:43:53', '2024-06-17 02:55:30'),
(83, 'Raspberry Vanilla Greek Yogurt', 'Creamy Greek yogurt infused with raspberry and vanilla flavors.', '3.49', '8606', '2024-06-09 23:51:59', '2024-06-14 02:25:44'),
(84, 'Ice Cream Maker', 'Homemade ice cream maker for delicious desserts.', '79.99', '9800', '2024-06-09 23:53:18', '2024-06-10 02:27:51'),
(85, 'Slim Fit Chinos', 'Comfortable slim fit chinos for a polished look.', '54.99', '3238', '2024-06-09 23:57:49', '2024-06-11 10:23:51'),
(86, 'Cilantro Lime Rice', 'Easy-to-prepare rice with cilantro and lime flavors, great as a side.', '2.99', '7193', '2024-06-10 00:04:41', '2024-06-18 05:02:43'),
(87, 'Beach Cover-Up', 'Lightweight cover-up perfect for the beach, with a breezy design.', '29.99', '8831', '2024-06-10 00:10:55', '2024-06-18 01:24:55'),
(88, 'Nut Butter Cups', 'Delicious dark chocolate with creamy nut butter inside.', '3.99', '9193', '2024-06-10 00:18:08', '2024-06-13 11:32:26'),
(89, 'Mini Waffle Maker', 'Compact waffle maker for perfect small waffles.', '24.99', '4124', '2024-06-10 00:22:23', '2024-06-10 08:16:27'),
(90, 'Interchangeable Watch Bands', 'Set of stylish watch bands to customize your look.', '24.99', '3211', '2024-06-10 00:29:12', '2024-06-16 23:02:51'),
(91, 'Peach Slices (canned)', 'Juicy peach slices in syrup, perfect for desserts.', '2.49', '3102', '2024-06-10 00:30:50', '2024-06-12 18:35:48'),
(92, '3D Night Light', 'Color-changing 3D night light for kids'' rooms.', '19.99', '2361', '2024-06-10 00:36:39', '2024-06-14 14:53:16'),
(93, 'Children''s Backpack', 'Stylish and functional backpack for school or trips.', '29.99', '1621', '2024-06-10 00:38:42', '2024-06-16 17:07:23'),
(94, 'Wireless Earbuds Case', 'Protective case for wireless earbuds.', '12.99', '5718', '2024-06-10 00:47:54', '2024-06-13 02:47:58'),
(95, 'Garlic and Herb Rub', 'A seasoning blend of garlic and herbs to enhance any dish.', '2.29', '3293', '2024-06-10 00:57:43', '2024-06-11 23:02:43'),
(96, 'Cotton Tote Bag Set', 'Reusable tote bags for shopping and eco-friendly living.', '29.99', '5483', '2024-06-10 01:01:30', '2024-06-12 22:34:57'),
(97, 'Cheddar & Bacon Potato Skins', 'Gourmet potato skins loaded with cheddar cheese and bacon.', '7.49', '4815', '2024-06-10 01:04:49', '2024-06-14 00:47:15'),
(98, 'Coconut Granola', 'Crunchy granola mixed with coconut flakes.', '4.19', '8975', '2024-06-10 01:06:21', '2024-06-16 23:00:45'),
(99, 'Lemon Dill Salmon', 'Salmon fillets seasoned with lemon and dill, perfect for grilling.', '9.99', '4313', '2024-06-10 01:12:15', '2024-06-17 02:58:59'),
(100, 'Stuffed Peppers with Quinoa', 'Bell peppers filled with quinoa and vegetables.', '7.99', '486', '2024-06-10 01:16:22', '2024-06-16 04:32:34');


-- fabricate-flush


SET FOREIGN_KEY_CHECKS = 1;
